OTU	Kingdom	Phylum	Class	Order	Family	Genus	Specie
OTU_381	Bacteria	Bacteroidota	Bacteroidia	Chitinophagales	Chitinophagaceae	Sediminibacterium	
OTU_121	Bacteria	Firmicutes	Bacilli	Lactobacillales	Lactobacillaceae	Fructobacillus	Fructobacillus fructosus
OTU_648	Bacteria	Patescibacteria	Saccharimonadia	Saccharimonadales	uncultured cyanobacterium		
OTU_538	Bacteria	Firmicutes	Clostridia	Thermincolales	Thermincolaceae	Thermincola	uncultured Peptococcaceae bacterium
OTU_570	Bacteria	Actinobacteriota	Actinobacteria	Frankiales	Frankiaceae	Jatrophihabitans	
OTU_49	Bacteria	Proteobacteria	Gammaproteobacteria	Burkholderiales	Methylophilaceae	Methylophilus	Methylophilus methylotrophus
OTU_406	Bacteria	Firmicutes	Bacilli	Aneurinibacillales	Aneurinibacillaceae	Aneurinibacillus	
OTU_497	Bacteria	Actinobacteriota	Actinobacteria	Micrococcales	Dermabacteraceae	Brachybacterium	Brachybacterium sp.
OTU_736	Bacteria	Firmicutes	Clostridia	Lachnospirales	Lachnospiraceae	Lachnoclostridium	
OTU_791	Bacteria	Proteobacteria	Alphaproteobacteria	Rhizobiales	Xanthobacteraceae	Rhodoplanes	uncultured Hyphomicrobiaceae bacterium
OTU_87	Bacteria	Proteobacteria	Gammaproteobacteria	Xanthomonadales	Xanthomonadaceae	Stenotrophomonas	
OTU_271	Bacteria	Firmicutes	Bacilli	Bacillales	Sporolactobacillaceae	Sporolactobacillus	Sporolactobacillus inulinus
OTU_1001	Eukaryota	Opisthokonta	Ascomycota	Pezizomycotina	Dothideomycetes		
OTU_1061	Eukaryota	Opisthokonta	Ascomycota	Pezizomycotina			
OTU_1077	Eukaryota	Opisthokonta	Ascomycota	Pezizomycotina	Dothideomycetes		
OTU_1098	Eukaryota	Opisthokonta	Ascomycota	Pezizomycotina	Dothideomycetes		
OTU_1128	Eukaryota	Opisthokonta	Ascomycota	Pezizomycotina	Dothideomycetes		
OTU_823	Bacteria	Proteobacteria	Alphaproteobacteria	Sphingomonadales	Sphingomonadaceae	Sphingomonas	uncultured Sphingomonas sp.
OTU_82	Bacteria	Firmicutes	Bacilli	Lactobacillales	Lactobacillaceae	Weissella	Weissella ghanensis
OTU_234	Bacteria	Proteobacteria	Gammaproteobacteria	Pseudomonadales	Moraxellaceae	Psychrobacter	Psychrobacter sanguinis
OTU_723	Bacteria	Proteobacteria	Alphaproteobacteria				
OTU_668	Bacteria	Firmicutes	Clostridia	Oscillospirales	Ruminococcaceae	Incertae Sedis	
OTU_675	Bacteria	Firmicutes	Clostridia	Oscillospirales	Ruminococcaceae	Subdoligranulum	
OTU_679	Bacteria	Firmicutes	Clostridia	Oscillospirales	Hungateiclostridiaceae	Ruminiclostridium	
OTU_749	Bacteria	Proteobacteria	Alphaproteobacteria	Acetobacterales	Acetobacteraceae		
OTU_597	Bacteria	Firmicutes	Clostridia	Oscillospirales	Hungateiclostridiaceae		
OTU_109	Bacteria	Firmicutes	Bacilli	Bacillales	Bacillaceae	Bacillus	Bacillus sp. (in: Bacteria)
OTU_581	Eukaryota	Opisthokonta	Basidiomycota	Ustilaginomycotina	Exobasidiomycetes	Exobasidiales	Exobasidiaceae
OTU_588	Eukaryota	Opisthokonta	Basidiomycota	Ustilaginomycotina	Exobasidiomycetes	Exobasidiales	Exobasidiaceae
OTU_848	Eukaryota	Opisthokonta	Basidiomycota	Ustilaginomycotina	Exobasidiomycetes	Exobasidiales	Exobasidiaceae
OTU_853	Eukaryota	Opisthokonta	Basidiomycota	Ustilaginomycotina	Exobasidiomycetes	Exobasidiales	
OTU_857	Eukaryota	Opisthokonta	Basidiomycota	Ustilaginomycotina	Exobasidiomycetes	Exobasidiales	
OTU_861	Eukaryota	Opisthokonta	Basidiomycota	Ustilaginomycotina	Exobasidiomycetes	Exobasidiales	Exobasidiaceae
OTU_870	Eukaryota	Opisthokonta	Basidiomycota	Ustilaginomycotina	Exobasidiomycetes	Exobasidiales	
OTU_872	Eukaryota	Opisthokonta	Basidiomycota	Ustilaginomycotina	Exobasidiomycetes	Exobasidiales	
OTU_881	Eukaryota	Opisthokonta	Basidiomycota	Ustilaginomycotina	Exobasidiomycetes		
OTU_889	Eukaryota	Opisthokonta	Basidiomycota	Ustilaginomycotina	Exobasidiomycetes	Exobasidiales	Exobasidiaceae
OTU_814	Bacteria	Proteobacteria	Alphaproteobacteria	Rhizobiales	Beijerinckiaceae		
OTU_726	Bacteria	Firmicutes	Clostridia	Lachnospirales	Lachnospiraceae	Blautia	
OTU_976	Eukaryota	Opisthokonta	Ascomycota				
OTU_993	Eukaryota	Opisthokonta	Ascomycota				
OTU_1010	Eukaryota	Opisthokonta	Ascomycota	Pezizomycotina	Dothideomycetes		
OTU_1021	Eukaryota	Opisthokonta	Ascomycota	Pezizomycotina	Dothideomycetes		
OTU_1027	Eukaryota	Opisthokonta	Ascomycota	Pezizomycotina	Dothideomycetes		
OTU_1049	Eukaryota	Opisthokonta	Ascomycota	Pezizomycotina	Dothideomycetes		
OTU_1058	Eukaryota	Opisthokonta	Ascomycota	Pezizomycotina	Dothideomycetes		
OTU_1085	Eukaryota	Opisthokonta	Ascomycota	Pezizomycotina			
OTU_1086	Eukaryota	Opisthokonta	Ascomycota	Pezizomycotina			
OTU_1089	Eukaryota	Opisthokonta	Ascomycota	Pezizomycotina			
OTU_1090	Eukaryota	Opisthokonta	Ascomycota	Pezizomycotina			
OTU_1093	Eukaryota	Opisthokonta	Ascomycota	Pezizomycotina	Dothideomycetes		
OTU_1094	Eukaryota	Opisthokonta	Ascomycota	Pezizomycotina	Dothideomycetes		
OTU_1097	Eukaryota	Opisthokonta	Ascomycota	Pezizomycotina			
OTU_1114	Eukaryota	Opisthokonta	Ascomycota	Pezizomycotina			
OTU_1120	Eukaryota	Opisthokonta	Ascomycota	Pezizomycotina			
OTU_1143	Eukaryota	Opisthokonta	Ascomycota	Pezizomycotina			
OTU_1156	Eukaryota	Opisthokonta	Ascomycota	Pezizomycotina	Dothideomycetes		
OTU_479	Bacteria	Actinobacteriota	Actinobacteria	Frankiales	Geodermatophilaceae	Blastococcus	uncultured actinobacterium
OTU_738	Bacteria	Proteobacteria	Alphaproteobacteria	Caulobacterales	Caulobacteraceae		
OTU_422	Bacteria	Bacteroidota	Bacteroidia	Flavobacteriales	Flavobacteriaceae	Flavobacterium	Flavobacterium hercynium
OTU_232	Bacteria	Firmicutes	Bacilli	Lactobacillales	Lactobacillaceae	Lactobacillus	
OTU_362	Eukaryota	Charophyta	Tracheophyta	Spermatophyta	Magnoliophyta		
OTU_437	Eukaryota	Charophyta	Tracheophyta				
OTU_444	Eukaryota	Charophyta	Tracheophyta	Spermatophyta	Magnoliophyta		
OTU_456	Eukaryota	Charophyta	Tracheophyta	Spermatophyta	Magnoliophyta		
OTU_493	Eukaryota	Charophyta	Tracheophyta				
OTU_864	Eukaryota	Charophyta	Tracheophyta	Spermatophyta	Magnoliophyta	Apiales	Daucus	Daucus carota subsp. sativus
OTU_876	Eukaryota	Charophyta	Tracheophyta	Spermatophyta			
OTU_397	Bacteria	Bacteroidota	Bacteroidia	Chitinophagales	Chitinophagaceae	Chitinophaga	Chitinophaga terrae Kim and Jung 2007
OTU_269	Bacteria	Firmicutes	Bacilli	Bacillales	Bacillaceae	Oceanobacillus	
OTU_48	Bacteria	Firmicutes	Bacilli	Bacillales	Bacillaceae	Ureibacillus	Ureibacillus sp. FZSF03
OTU_552	Bacteria	Firmicutes	Clostridia	Oscillospirales	Ruminococcaceae		
OTU_265	Bacteria	Proteobacteria	Gammaproteobacteria	Burkholderiales	Alcaligenaceae	Verticiella	
OTU_696	Bacteria	Firmicutes	Clostridia	Clostridiales	Clostridiaceae	Clostridium sensu stricto 3	uncultured Clostridium sp.
OTU_689	Bacteria	Deinococcota	Deinococci	Thermales	Thermaceae	Meiothermus	Meiothermus silvanus
OTU_263	Bacteria	Proteobacteria	Gammaproteobacteria	Enterobacterales	Yersiniaceae	Serratia	Hafnia psychrotolerans
OTU_36	Bacteria	Proteobacteria	Gammaproteobacteria	Enterobacterales	Vibrionaceae	Vibrio	Vibrio harveyi
OTU_248	Bacteria	Proteobacteria	Gammaproteobacteria	Enterobacterales	Morganellaceae	Proteus	Proteus mirabilis
OTU_618	Bacteria	Bdellovibrionota	Bdellovibrionia	Bdellovibrionales	Bdellovibrionaceae	Bdellovibrio	
OTU_377	Bacteria	Bacteroidota	Bacteroidia	Sphingobacteriales	Sphingobacteriaceae	Mucilaginibacter	
OTU_476	Bacteria	Firmicutes	Clostridia	Peptostreptococcales-Tissierellales	Peptostreptococcaceae	Romboutsia	
OTU_697	Bacteria	Firmicutes	Clostridia	Lachnospirales	Lachnospiraceae	Eisenbergiella	
OTU_1007	Eukaryota	Opisthokonta	Ascomycota	Pezizomycotina	Eurotiomycetes	Eurotiales	Trichocomaceae	Talaromyces	uncultured Dikarya
OTU_1011	Eukaryota	Opisthokonta	Ascomycota	Pezizomycotina	Eurotiomycetes	Eurotiales	Trichocomaceae
OTU_1014	Eukaryota	Opisthokonta	Ascomycota	Pezizomycotina	Eurotiomycetes	Eurotiales	Trichocomaceae
OTU_572	Bacteria	Actinobacteriota	Actinobacteria	Corynebacteriales	Nocardiaceae	Nocardia	Nocardia farcinica
OTU_775	Bacteria	Firmicutes	Clostridia	Lachnospirales	Lachnospiraceae	[Ruminococcus] gauvreauii group	uncultured rumen bacterium
OTU_730	Bacteria	Firmicutes	Clostridia	Lachnospirales	Lachnospiraceae	probable genus 10	uncultured rumen bacterium
OTU_169	Bacteria	Firmicutes	Bacilli	Bacillales	Bacillaceae	Bacillus	Bacillus plakortidis
OTU_1036	Eukaryota	Opisthokonta	Ascomycota	Pezizomycotina			
OTU_1092	Eukaryota	Opisthokonta	Ascomycota	Pezizomycotina	Dothideomycetes	Capnodiales	Cladosporiaceae	Cladosporium	Cladosporium sp. CBS 266.53
OTU_38	Bacteria	Proteobacteria	Gammaproteobacteria	Burkholderiales	Oxalobacteraceae	Massilia	Massilia timonae
OTU_187	Bacteria	Spirochaetota	Spirochaetia	Spirochaetales	Spirochaetaceae	Treponema	bacterium MD2012
OTU_212	Bacteria	Firmicutes	Bacilli	Bacillales	Planococcaceae	Sporosarcina	Sporosarcina pasteurii
OTU_492	Bacteria	Proteobacteria	Alphaproteobacteria	Sphingomonadales	Sphingomonadaceae	Sphingobium	Sphingobium lactosutens DS20
OTU_319	Bacteria	Proteobacteria	Gammaproteobacteria	Enterobacterales	Erwiniaceae	Erwinia	uncultured Erwinia sp.
OTU_798	Bacteria	Proteobacteria	Alphaproteobacteria	Rickettsiales	SM2D12	metagenome	
OTU_238	Bacteria	Proteobacteria	Gammaproteobacteria	Enterobacterales	Pasteurellaceae	Gallibacterium	Gallibacterium anatis
OTU_245	Bacteria	Firmicutes	Bacilli	Lactobacillales	Streptococcaceae	Streptococcus	Streptococcus henryi
OTU_150	Bacteria	Proteobacteria	Gammaproteobacteria	Enterobacterales	Erwiniaceae	Tatumella	
OTU_103	Bacteria	Firmicutes	Bacilli	Entomoplasmatales	Entomoplasmataceae	Mesoplasma	Mesoplasma syrphidae
OTU_1315	Eukaryota	Charophyta	Tracheophyta				
OTU_1330	Eukaryota	Charophyta	Tracheophyta	Spermatophyta	Magnoliophyta		
OTU_802	Bacteria	Proteobacteria	Alphaproteobacteria	Sphingomonadales	Sphingomonadaceae	Sphingomonas	
OTU_382	Bacteria	Proteobacteria	Alphaproteobacteria	Sphingomonadales	Sphingomonadaceae	Sphingomonas	Sphingomonas sp. PAMC 26621
OTU_621	Bacteria	Fusobacteriota	Fusobacteriia	Fusobacteriales	Fusobacteriaceae	Fusobacterium	
OTU_1206	Eukaryota	Opisthokonta	Ascomycota	Saccharomycotina	Saccharomycetes	Saccharomycetales	
OTU_1215	Eukaryota	Opisthokonta	Ascomycota	Saccharomycotina	Saccharomycetes	Saccharomycetales	
OTU_1216	Eukaryota	Opisthokonta	Ascomycota	Saccharomycotina	Saccharomycetes	Saccharomycetales	Incertae Sedis
OTU_1218	Eukaryota	Opisthokonta	Ascomycota	Saccharomycotina	Saccharomycetes	Saccharomycetales	Incertae Sedis
OTU_1217	Eukaryota	Opisthokonta	Ascomycota	Saccharomycotina	Saccharomycetes	Saccharomycetales	Incertae Sedis
OTU_769	Bacteria	Firmicutes	Clostridia	Oscillospirales	Ruminococcaceae		
OTU_279	Bacteria	Firmicutes	Bacilli	Brevibacillales	Brevibacillaceae	Brevibacillus	Brevibacillus gelatini
OTU_155	Eukaryota	Charophyta	Tracheophyta	Spermatophyta	Magnoliophyta	Liliopsida	
OTU_356	Eukaryota	Charophyta	Tracheophyta	Spermatophyta	Magnoliophyta	Liliopsida	
OTU_391	Eukaryota	Charophyta	Tracheophyta	Spermatophyta	Magnoliophyta	Liliopsida	
OTU_440	Eukaryota	Charophyta	Tracheophyta	Spermatophyta	Magnoliophyta	Liliopsida	
OTU_460	Eukaryota	Charophyta	Tracheophyta	Spermatophyta	Magnoliophyta		
OTU_469	Eukaryota	Charophyta	Tracheophyta	Spermatophyta	Magnoliophyta		
OTU_475	Eukaryota	Charophyta	Tracheophyta	Spermatophyta	Magnoliophyta		
OTU_485	Eukaryota	Charophyta	Tracheophyta	Spermatophyta	Magnoliophyta	Liliopsida	
OTU_560	Eukaryota	Charophyta	Tracheophyta	Spermatophyta			
OTU_569	Eukaryota	Charophyta	Tracheophyta	Spermatophyta	Magnoliophyta	Liliopsida	
OTU_655	Eukaryota	Charophyta	Tracheophyta	Spermatophyta	Magnoliophyta	Liliopsida	
OTU_707	Eukaryota	Charophyta	Tracheophyta	Spermatophyta	Magnoliophyta		
OTU_833	Eukaryota	Charophyta	Tracheophyta	Spermatophyta	Magnoliophyta	Liliopsida	
OTU_846	Eukaryota	Charophyta	Tracheophyta	Spermatophyta	Magnoliophyta	Liliopsida	
OTU_849	Eukaryota	Charophyta	Tracheophyta	Spermatophyta	Magnoliophyta		
OTU_850	Eukaryota	Charophyta	Tracheophyta	Spermatophyta	Magnoliophyta	Liliopsida	
OTU_854	Eukaryota	Charophyta	Tracheophyta	Spermatophyta	Magnoliophyta	Liliopsida	
OTU_863	Eukaryota	Charophyta	Tracheophyta	Spermatophyta	Magnoliophyta		
OTU_868	Eukaryota	Charophyta	Tracheophyta	Spermatophyta	Magnoliophyta	Liliopsida	
OTU_878	Eukaryota	Charophyta	Tracheophyta	Spermatophyta	Magnoliophyta	Liliopsida	
OTU_883	Eukaryota	Charophyta	Tracheophyta	Spermatophyta	Magnoliophyta		
OTU_884	Eukaryota	Charophyta	Tracheophyta	Spermatophyta	Magnoliophyta		
OTU_899	Eukaryota	Charophyta	Tracheophyta	Spermatophyta	Magnoliophyta		
OTU_907	Eukaryota	Charophyta	Tracheophyta	Spermatophyta	Magnoliophyta	Liliopsida	
OTU_928	Eukaryota	Charophyta	Tracheophyta	Spermatophyta	Magnoliophyta	Liliopsida	
OTU_937	Eukaryota	Charophyta	Tracheophyta	Spermatophyta	Magnoliophyta	Liliopsida	
OTU_938	Eukaryota	Charophyta	Tracheophyta	Spermatophyta	Magnoliophyta	Liliopsida	
OTU_980	Eukaryota	Charophyta	Tracheophyta	Spermatophyta	Magnoliophyta	Liliopsida	
OTU_1009	Eukaryota	Charophyta	Tracheophyta	Spermatophyta	Magnoliophyta		
OTU_1013	Eukaryota	Charophyta	Tracheophyta	Spermatophyta	Magnoliophyta		
OTU_1022	Eukaryota	Charophyta	Tracheophyta	Spermatophyta	Magnoliophyta		
OTU_1024	Eukaryota	Charophyta	Tracheophyta	Spermatophyta			
OTU_1031	Eukaryota	Charophyta	Tracheophyta	Spermatophyta	Magnoliophyta		
OTU_1033	Eukaryota	Charophyta	Tracheophyta	Spermatophyta	Magnoliophyta		
OTU_1040	Eukaryota	Charophyta	Tracheophyta	Spermatophyta	Magnoliophyta		
OTU_624	Bacteria	Firmicutes	Clostridia	Lachnospirales	Lachnospiraceae	Tyzzerella	
OTU_290	Bacteria	Firmicutes	Bacilli	Bacillales	Planococcaceae	Lysinibacillus	Lysinibacillus sp.
OTU_658	Bacteria	Firmicutes	Clostridia	Lachnospirales	Lachnospiraceae	Anaerocolumna	Clostridium sp. KNHs205
OTU_107	Bacteria	Proteobacteria	Gammaproteobacteria	Burkholderiales	Comamonadaceae	Delftia	Delftia acidovorans
OTU_118	Bacteria	Firmicutes	Bacilli	Paenibacillales	Paenibacillaceae	Paenibacillus	
OTU_480	Bacteria	Proteobacteria	Alphaproteobacteria	Rickettsiales	Mitochondria	Vicia faba (fava bean)	
OTU_418	Bacteria	Bacteroidota	Bacteroidia	Bacteroidales	Prolixibacteraceae	Roseimarinus	
OTU_354	Bacteria	Firmicutes	Bacilli	Bacillales	Bacillaceae	Bacillus	Bacillus azotoformans MEV2011
OTU_282	Bacteria	Firmicutes	Bacilli	Bacillales	Bacillaceae	Bacillus	
OTU_1131	Eukaryota	Opisthokonta	Ascomycota	Pezizomycotina	Dothideomycetes		
OTU_1163	Eukaryota	Opisthokonta	Ascomycota	Pezizomycotina	Dothideomycetes	Capnodiales	Mycosphaerellaceae
OTU_837	Bacteria	Firmicutes	Clostridia	Peptostreptococcales-Tissierellales	Family XI	Finegoldia	
OTU_885	Eukaryota	Opisthokonta	Ascomycota	Pezizomycotina	Sordariomycetes		
OTU_308	Bacteria	Proteobacteria	Gammaproteobacteria	Burkholderiales	Methylophilaceae		metagenome
OTU_505	Bacteria	Proteobacteria	Alphaproteobacteria	Rhizobiales	Rhizobiaceae	Ochrobactrum	Ochrobactrum pseudintermedium
OTU_1326	Bacteria	Proteobacteria	Gammaproteobacteria	Pseudomonadales	Moraxellaceae		
OTU_1272	Bacteria	Firmicutes					
OTU_634	Bacteria	Firmicutes	Clostridia	Oscillospirales	Oscillospiraceae	Intestinimonas	
OTU_165	Bacteria	Firmicutes	Bacilli	Bacillales	Bacillaceae	Anoxybacillus	
OTU_56	Bacteria	Proteobacteria	Gammaproteobacteria	Enterobacterales	Shewanellaceae	Shewanella	Shewanella algae
OTU_778	Bacteria	Firmicutes	Clostridia	Peptostreptococcales-Tissierellales	Anaerovoracaceae	[Eubacterium] nodatum group	
OTU_843	Bacteria	Firmicutes	Clostridia	Peptostreptococcales-Tissierellales	Family XI	Anaerococcus	
OTU_600	Bacteria	Firmicutes	Clostridia	Caldicoprobacterales	Caldicoprobacteraceae	Caldicoprobacter	
OTU_219	Bacteria	Proteobacteria	Gammaproteobacteria	Burkholderiales	Comamonadaceae	Pelomonas	Pelomonas saccharophila
OTU_306	Bacteria	Proteobacteria	Gammaproteobacteria	Enterobacterales	Pectobacteriaceae	Sodalis	Sodalis praecaptivus
OTU_578	Bacteria	Actinobacteriota	Actinobacteria	Micrococcales	Microbacteriaceae	Amnibacterium	
OTU_402	Bacteria	Bacteroidota	Bacteroidia	Bacteroidales	Porphyromonadaceae	Porphyromonas	Porphyromonas gingivalis
OTU_323	Bacteria	Proteobacteria	Gammaproteobacteria	Burkholderiales	Neisseriaceae		
OTU_683	Bacteria	Firmicutes	Clostridia	Clostridia UCG-014			
OTU_54	Bacteria	Firmicutes	Bacilli	Lactobacillales	Lactobacillaceae	Fructobacillus	uncultured Firmicutes bacterium
OTU_329	Bacteria	Firmicutes	Bacilli	Lactobacillales	Lactobacillaceae	Fructobacillus	
OTU_83	Bacteria	Proteobacteria	Gammaproteobacteria	Burkholderiales	Burkholderiaceae	Ralstonia	uncultured Ralstonia sp.
OTU_105	Bacteria	Proteobacteria	Gammaproteobacteria	Burkholderiales	Comamonadaceae	Acidovorax	Acidovorax sp.
OTU_1081	Eukaryota	Opisthokonta	Ascomycota	Pezizomycotina	Dothideomycetes	Pleosporales	
OTU_1056	Eukaryota	Opisthokonta	Ascomycota	Pezizomycotina	Dothideomycetes	Pleosporales	
OTU_558	Bacteria	Actinobacteriota	Actinobacteria	Corynebacteriales	Corynebacteriaceae	Corynebacterium	Corynebacterium sp. 1938BRRJ
OTU_712	Bacteria	Firmicutes	Clostridia	Oscillospirales	Ruminococcaceae	Incertae Sedis	
OTU_407	Bacteria	Bacteroidota	Bacteroidia	Bacteroidales	Rikenellaceae	Rikenellaceae RC9 gut group	
OTU_676	Bacteria	Firmicutes	Clostridia	Oscillospirales	Ruminococcaceae	Ruminococcus	
OTU_706	Bacteria	Proteobacteria	Alphaproteobacteria	Rhizobiales	Beijerinckiaceae	Bosea	bacterium KR 2001/13_218
OTU_508	Bacteria	Firmicutes	Clostridia	Oscillospirales	Oscillospiraceae	Flavonifractor	
OTU_641	Bacteria	Firmicutes	Clostridia	Oscillospirales	Hungateiclostridiaceae	Ruminiclostridium	
OTU_243	Bacteria	Firmicutes	Bacilli	Erysipelotrichales	Erysipelatoclostridiaceae		
OTU_646	Bacteria	Firmicutes	Clostridia	Oscillospirales	Oscillospiraceae		
OTU_141	Bacteria	Firmicutes	Bacilli	Paenibacillales	Paenibacillaceae	Paenibacillus	
OTU_764	Bacteria	Proteobacteria	Alphaproteobacteria	Acetobacterales	Acetobacteraceae	Endobacter	
OTU_237	Bacteria	Firmicutes	Bacilli	Lactobacillales	Lactobacillaceae	Apilactobacillus	
OTU_296	Bacteria	Proteobacteria	Gammaproteobacteria	Piscirickettsiales	Piscirickettsiaceae	Candidatus Endoecteinascidia	uncultured gamma proteobacterium
OTU_137	Bacteria	Proteobacteria	Gammaproteobacteria	Pseudomonadales	Moraxellaceae	Acinetobacter	
OTU_714	Bacteria	Proteobacteria	Alphaproteobacteria	Rickettsiales		Graminella nigrifrons	
OTU_801	Bacteria	Proteobacteria	Alphaproteobacteria	Rickettsiales	AB1		
OTU_561	Bacteria	Actinobacteriota	Actinobacteria	Bifidobacteriales	Bifidobacteriaceae	Bifidobacterium	uncultured Bifidobacterium sp.
OTU_93	Bacteria	Proteobacteria	Gammaproteobacteria	Pseudomonadales	Moraxellaceae	Acinetobacter	bacterium 28S313
OTU_659	Bacteria	Firmicutes	Clostridia	Peptostreptococcales-Tissierellales	Sedimentibacteraceae		
OTU_942	Eukaryota	Opisthokonta	Ascomycota	Pezizomycotina			
OTU_948	Eukaryota	Opisthokonta	Ascomycota	Pezizomycotina			
OTU_977	Eukaryota	Opisthokonta	Ascomycota	Pezizomycotina			
OTU_998	Eukaryota	Opisthokonta	Ascomycota	Pezizomycotina	Sordariomycetes	Incertae Sedis	Incertae Sedis
OTU_1016	Eukaryota	Opisthokonta	Ascomycota	Pezizomycotina	Sordariomycetes	Incertae Sedis	Incertae Sedis	Asteroma
OTU_1018	Eukaryota	Opisthokonta	Ascomycota	Pezizomycotina	Sordariomycetes	Incertae Sedis	Incertae Sedis
OTU_154	Bacteria	Firmicutes	Bacilli	Lactobacillales	Lactobacillaceae	Bombilactobacillus	Lactobacillus mellifer
OTU_275	Bacteria	Firmicutes	Bacilli	Bacillales	Bacillaceae	Bacillus	
OTU_765	Bacteria	Firmicutes	Clostridia	Lachnospirales	Lachnospiraceae	Sellimonas	Lachnoclostridium phocaeense
OTU_298	Bacteria	Proteobacteria	Gammaproteobacteria	Pseudomonadales	Halomonadaceae	Halomonas	
OTU_525	Bacteria	Proteobacteria	Alphaproteobacteria	Rhodospirillales		uncultured Rhodospirillaceae bacterium	
OTU_51	Bacteria	Firmicutes	Clostridia	Peptostreptococcales-Tissierellales	Peptostreptococcaceae	Romboutsia	
OTU_30	Bacteria	Proteobacteria	Gammaproteobacteria	Pseudomonadales	Halomonadaceae	Halomonas	uncultured Halomonas sp.
OTU_1038	Eukaryota	Opisthokonta	Ascomycota	Pezizomycotina	Dothideomycetes	Capnodiales	
OTU_297	Bacteria	Proteobacteria	Gammaproteobacteria	Enterobacterales	Orbaceae	Orbus	Orbus sasakiae
OTU_966	Eukaryota	Opisthokonta	Ascomycota	Pezizomycotina	Dothideomycetes	Dothideales	Dothideaceae	Dothidea
OTU_981	Eukaryota	Opisthokonta	Ascomycota	Pezizomycotina	Dothideomycetes	Dothideales	Dothideaceae
OTU_985	Eukaryota	Opisthokonta	Ascomycota	Pezizomycotina	Dothideomycetes	Dothideales	
OTU_986	Eukaryota	Opisthokonta	Ascomycota	Pezizomycotina	Dothideomycetes	Dothideales	Dothideaceae	Dothidea
OTU_1002	Eukaryota	Opisthokonta	Ascomycota	Pezizomycotina	Dothideomycetes	Dothideales	Dothideaceae	Dothidea	Dothidea muelleri
OTU_303	Bacteria	Proteobacteria	Gammaproteobacteria	Xanthomonadales	Rhodanobacteraceae	Frateuria	Frateuria aurantia DSM 6220
OTU_619	Bacteria	Firmicutes	Clostridia	Thermincolales	Thermincolaceae	Thermincola	
OTU_371	Bacteria	Bacteroidota	Bacteroidia	Chitinophagales	Chitinophagaceae	Cnuella	
OTU_264	Bacteria	Proteobacteria	Gammaproteobacteria	Diplorickettsiales	Diplorickettsiaceae	Diplorickettsia	uncultured gamma proteobacterium
OTU_1355	Eukaryota	Charophyta	Tracheophyta				
OTU_162	Bacteria	Proteobacteria	Gammaproteobacteria	Xanthomonadales	Xanthomonadaceae	Stenotrophomonas	Stenotrophomonas sp. MM35
OTU_88	Bacteria	Proteobacteria	Gammaproteobacteria	Enterobacterales	Vibrionaceae	Vibrio	Vibrio scophthalmi
OTU_838	Bacteria	Firmicutes	Clostridia	Peptostreptococcales-Tissierellales	Family XI		
OTU_222	Bacteria	Dependentiae	Babeliae	Babeliales	UBA12409		
OTU_310	Bacteria	Proteobacteria	Gammaproteobacteria	Pseudomonadales	Moraxellaceae	Moraxella	Moraxella porci DSM 25326
OTU_153	Bacteria	Myxococcota	Myxococcia	Myxococcales	Myxococcaceae	P3OB-42	
OTU_158	Bacteria	Myxococcota	Myxococcia	Myxococcales	Myxococcaceae	P3OB-42	
OTU_453	Bacteria	Proteobacteria	Alphaproteobacteria	Acetobacterales	Acetobacteraceae		
OTU_102	Bacteria	Proteobacteria	Gammaproteobacteria	Enterobacterales	Erwiniaceae	Erwinia	Erwinia rhapontici
OTU_286	Bacteria	Proteobacteria	Gammaproteobacteria	Xanthomonadales	Rhodanobacteraceae	Luteibacter	Luteibacter sp. 2PK1
OTU_239	Bacteria	Firmicutes	Bacilli	Lactobacillales	Lactobacillaceae	Apilactobacillus	
OTU_201	Bacteria	Bdellovibrionota	Oligoflexia	0319-6G20			
OTU_520	Bacteria	Actinobacteriota	Actinobacteria	Corynebacteriales	Corynebacteriaceae	Corynebacterium	
OTU_645	Bacteria	Firmicutes	Clostridia	Oscillospirales	[Eubacterium] coprostanoligenes group		
OTU_510	Bacteria	Actinobacteriota	Actinobacteria	Corynebacteriales	Corynebacteriaceae	Corynebacterium	
OTU_518	Bacteria	Proteobacteria	Alphaproteobacteria	Rhizobiales	Rhizobiaceae	Aminobacter	Aminobacter sp. CL-9.08
OTU_796	Bacteria	Proteobacteria	Alphaproteobacteria	Caulobacterales	Caulobacteraceae	Phenylobacterium	uncultured Phenylobacterium sp.
OTU_584	Bacteria	Proteobacteria	Alphaproteobacteria	Rickettsiales	Mitochondria	Funaria hygrometrica	
OTU_274	Bacteria	Proteobacteria	Gammaproteobacteria	Pseudomonadales	Pseudomonadaceae	Pseudomonas	Pseudomonas sp. Q16
OTU_139	Bacteria	Proteobacteria	Gammaproteobacteria	Enterobacterales	Erwiniaceae	Phaseolibacter	uncultured Enterobacteriaceae bacterium
OTU_664	Bacteria	Firmicutes	Clostridia	Clostridia UCG-014	uncultured rumen bacterium		
OTU_601	Bacteria	Firmicutes	Clostridia	Lachnospirales	Lachnospiraceae	GCA-900066575	
OTU_192	Bacteria	Proteobacteria	Gammaproteobacteria	Enterobacterales	Morganellaceae	Buchnera	Buchnera aphidicola (Cinara costata)
OTU_951	Eukaryota	Opisthokonta	Ascomycota	Pezizomycotina	Eurotiomycetes	Eurotiales	
OTU_251	Bacteria	Proteobacteria	Gammaproteobacteria	Enterobacterales	Yersiniaceae	Serratia	Serratia ficaria
OTU_787	Bacteria	Proteobacteria	Alphaproteobacteria	Rhizobiales	Devosiaceae	Devosia	
OTU_766	Bacteria	Firmicutes	Clostridia	Lachnospirales	Lachnospiraceae	[Ruminococcus] gauvreauii group	bacterium ic1296
OTU_610	Bacteria	Firmicutes	Clostridia	Clostridia UCG-014			
OTU_211	Bacteria	Proteobacteria	Gammaproteobacteria	Gammaproteobacteria Incertae Sedis	Unknown Family	Acidibacter	
OTU_528	Bacteria	Firmicutes	Clostridia	Clostridiales	Clostridiaceae	Clostridium sensu stricto 6	Clostridium bornimense
OTU_125	Bacteria	Firmicutes	Bacilli	Paenibacillales	Paenibacillaceae	Paenibacillus	Bacillus sp. DB182(2010)
OTU_33	Eukaryota	Opisthokonta	Basidiomycota	Ustilaginomycotina	Exobasidiomycetes		
OTU_97	Eukaryota	Opisthokonta	Basidiomycota	Ustilaginomycotina			
OTU_50	Bacteria	Proteobacteria	Gammaproteobacteria	Enterobacterales	Erwiniaceae	Rosenbergiella	
OTU_130	Bacteria	Firmicutes	Bacilli	Paenibacillales	Paenibacillaceae	Paenibacillus	Paenibacillus montaniterrae
OTU_389	Bacteria	Bacteroidota	Bacteroidia	Bacteroidales	Prevotellaceae	Prevotella	
OTU_454	Bacteria	Actinobacteriota	Actinobacteria	Micrococcales	Microbacteriaceae	Frigoribacterium	Frigoribacterium sp. PDD-32b-17
OTU_1017	Eukaryota	Opisthokonta	Ascomycota	Pezizomycotina			
OTU_1019	Eukaryota	Opisthokonta	Ascomycota	Pezizomycotina	Dothideomycetes		
OTU_1062	Eukaryota	Opisthokonta	Ascomycota	Pezizomycotina			
OTU_217	Bacteria	Dependentiae	Babeliae	Babeliales			
OTU_576	Bacteria	Actinobacteriota	Actinobacteria	Corynebacteriales	Nocardiaceae	Gordonia	uncultured compost bacterium
OTU_845	Bacteria	Firmicutes	Clostridia	Peptostreptococcales-Tissierellales	Family XI	Anaerococcus	
OTU_816	Bacteria	Firmicutes	Clostridia	Lachnospirales	Lachnospiraceae	Lachnospiraceae NK4A136 group	
OTU_252	Bacteria	Firmicutes	Bacilli	Bacillales	Planococcaceae	Lysinibacillus	
OTU_470	Bacteria	Actinobacteriota	Actinobacteria	Micrococcales	Cellulomonadaceae	Pseudactinotalea	
OTU_313	Bacteria	Firmicutes	Bacilli	Bacillales	Bacillaceae	Oceanobacillus	
OTU_113	Bacteria	Firmicutes	Negativicutes	Veillonellales-Selenomonadales	Selenomonadaceae	Anaerovibrio	
OTU_481	Eukaryota	Opisthokonta	Basidiomycota	Pucciniomycotina			
OTU_542	Eukaryota	Opisthokonta	Basidiomycota	Pucciniomycotina			
OTU_685	Eukaryota	Opisthokonta	Basidiomycota	Pucciniomycotina	Pucciniomycetes	Pucciniales	
OTU_384	Bacteria	Bacteroidota	Bacteroidia	Bacteroidales	Prevotellaceae	Prevotella_7	Prevotella sp. RZ
OTU_408	Bacteria	Bacteroidota	Bacteroidia	Bacteroidales	Prevotellaceae	Prevotella	uncultured rumen bacterium
OTU_651	Bacteria	Firmicutes	Clostridia	Oscillospirales	Ruminococcaceae		uncultured Firmicutes bacterium
OTU_347	Bacteria	Firmicutes	Bacilli	Erysipelotrichales	Erysipelotrichaceae		
OTU_431	Bacteria	Bacteroidota	Bacteroidia	Bacteroidales	Prevotellaceae	Prevotella_7	
OTU_76	Bacteria	Proteobacteria	Gammaproteobacteria	Xanthomonadales	Xanthomonadaceae	Pseudoxanthomonas	Pseudoxanthomonas sp. L-bf-R2A-1.1.1
OTU_737	Bacteria	Firmicutes	Clostridia	Lachnospirales	Lachnospiraceae	[Eubacterium] ruminantium group	Lachnospiraceae bacterium RM64
OTU_840	Eukaryota	Charophyta	Tracheophyta				
OTU_880	Eukaryota	Opisthokonta	Ascomycota	Pezizomycotina	Sordariomycetes		
OTU_940	Eukaryota	Opisthokonta	Ascomycota	Pezizomycotina	Sordariomycetes		
OTU_944	Eukaryota	Opisthokonta	Ascomycota	Pezizomycotina	Sordariomycetes		
OTU_1059	Eukaryota	Opisthokonta	Ascomycota	Pezizomycotina	Sordariomycetes		
OTU_810	Bacteria	Proteobacteria	Alphaproteobacteria	Acetobacterales	Acetobacteraceae	Acidiphilium	
OTU_799	Bacteria	Firmicutes	Clostridia	Clostridiales	Oxobacteraceae		
OTU_345	Bacteria	Firmicutes	Bacilli	RF39			
OTU_721	Bacteria	Proteobacteria	Alphaproteobacteria	Caulobacterales	Caulobacteraceae	Caulobacter	uncultured Alphaproteobacteria bacterium
OTU_78	Bacteria	Firmicutes	Bacilli	Bacillales	Bacillaceae	Bacillus	Bacillus sp. (in: Bacteria)
OTU_809	Bacteria	Proteobacteria	Alphaproteobacteria	Rickettsiales	Anaplasmataceae	Wolbachia	Wolbachia endosymbiont of Tuberolachnus salignus
OTU_754	Bacteria	Proteobacteria	Alphaproteobacteria	Acetobacterales	Acetobacteraceae	Gluconobacter	Gluconobacter wancherniae
OTU_496	Bacteria	Cyanobacteria	Cyanobacteriia	Chloroplast	Gerbera hybrid cultivar		
OTU_575	Bacteria	Actinobacteriota	Actinobacteria	Kineosporiales	Kineosporiaceae	Quadrisphaera	
OTU_161	Bacteria	Myxococcota	Myxococcia	Myxococcales	Myxococcaceae	P3OB-42	
OTU_611	Bacteria	Firmicutes	Clostridia	Clostridia vadinBB60 group			
OTU_606	Bacteria	Firmicutes					
OTU_236	Bacteria	Firmicutes	Bacilli	Lactobacillales	Lactobacillaceae	Lactobacillus	uncultured Lactobacillus sp.
OTU_122	Bacteria	Proteobacteria	Gammaproteobacteria	Enterobacterales	Shewanellaceae	Shewanella	
OTU_700	Bacteria	Firmicutes	Clostridia	Clostridiales	Clostridiaceae	Clostridium sensu stricto 11	Clostridium sp. enrichment culture clone NHT4
OTU_812	Bacteria	Proteobacteria	Alphaproteobacteria	Rhizobiales	Beijerinckiaceae	Methylocella	
OTU_771	Bacteria	Firmicutes	Clostridia	Clostridiales	Clostridiaceae	Clostridium sensu stricto 1	
OTU_1265	Bacteria	Proteobacteria	Alphaproteobacteria	Acetobacterales	Acetobacteraceae	Bombella	
OTU_786	Bacteria	Proteobacteria	Alphaproteobacteria	Rhizobiales	Beijerinckiaceae		
OTU_717	Bacteria	Proteobacteria	Alphaproteobacteria	Rickettsiales	Candidatus Hepatincola		
OTU_174	Bacteria	Firmicutes	Bacilli	Lactobacillales	Lactobacillaceae	Bombilactobacillus	Lactobacillus mellis
OTU_229	Bacteria	Firmicutes	Bacilli	Lactobacillales	Lactobacillaceae	Fructobacillus	
OTU_288	Bacteria	Firmicutes	Bacilli	Lactobacillales	Lactobacillaceae	Leuconostoc	Leuconostoc carnosum
OTU_701	Bacteria	Proteobacteria	Alphaproteobacteria	Paracaedibacterales	Paracaedibacteraceae		uncultured prokaryote
OTU_223	Bacteria	Proteobacteria	Gammaproteobacteria	Burkholderiales	Burkholderiaceae	Cupriavidus	
OTU_605	Bacteria	Firmicutes	Limnochordia				
OTU_603	Bacteria	Firmicutes	Clostridia	Lachnospirales	Lachnospiraceae		
OTU_997	Eukaryota	Opisthokonta	Ascomycota	Pezizomycotina	Dothideomycetes		
OTU_1048	Eukaryota	Opisthokonta	Ascomycota	Pezizomycotina			
OTU_1140	Eukaryota	Opisthokonta	Ascomycota	Pezizomycotina	Dothideomycetes	Capnodiales	Mycosphaerellaceae	Sphaerulina	Sphaerulina westendorpii
OTU_240	Bacteria	Firmicutes	Negativicutes	Veillonellales-Selenomonadales	Veillonellaceae	Megasphaera	Megasphaera elsdenii
OTU_405	Bacteria	Bacteroidota	Bacteroidia	Bacteroidales	Prevotellaceae	Prevotellaceae Ga6A1 group	uncultured rumen bacterium
OTU_335	Bacteria	Firmicutes	Bacilli	Paenibacillales	Paenibacillaceae	Ammoniibacillus	Ammoniibacillus agariperforans
OTU_196	Bacteria	Firmicutes	Bacilli	Bacillales	Bacillaceae		
OTU_553	Bacteria	Firmicutes	Clostridia	Lachnospirales	Lachnospiraceae	Mobilitalea	uncultured Clostridium sp.
OTU_414	Bacteria	Bacteroidota	Bacteroidia	Flavobacteriales	Weeksellaceae	Chryseobacterium	Chryseobacterium hispanicum
OTU_596	Bacteria	Firmicutes	Clostridia	Clostridia UCG-014			
OTU_617	Bacteria	Proteobacteria	Alphaproteobacteria	Rhizobiales	Rhizobiaceae	Allorhizobium-Neorhizobium-Pararhizobium-Rhizobium	uncultured Rhizobium sp.
OTU_343	Bacteria	Firmicutes	Bacilli	Erysipelotrichales	Erysipelatoclostridiaceae	Erysipelatoclostridium	
OTU_1168	Eukaryota	Opisthokonta	Ascomycota	Saccharomycotina			
OTU_1211	Eukaryota	Opisthokonta	Ascomycota	Saccharomycotina	Saccharomycetes	Saccharomycetales	Incertae Sedis
OTU_1228	Eukaryota	Opisthokonta	Ascomycota	Saccharomycotina	Saccharomycetes		
OTU_694	Bacteria	Firmicutes	Clostridia	Gracilibacteraceae			
OTU_626	Bacteria	Firmicutes	Clostridia	Christensenellales	Christensenellaceae	Christensenellaceae R-7 group	
OTU_768	Bacteria	Proteobacteria	Alphaproteobacteria	Rhizobiales	Rhizobiaceae	Allorhizobium-Neorhizobium-Pararhizobium-Rhizobium	Pararhizobium herbae
OTU_213	Bacteria	Firmicutes	Bacilli	Bacillales	Bacillaceae	Fictibacillus	Fictibacillus barbaricus
OTU_133	Bacteria	Bacteroidota	Bacteroidia	Sphingobacteriales	Sphingobacteriaceae	Pedobacter	
OTU_635	Bacteria	Firmicutes	Clostridia	Christensenellales	Christensenellaceae	Christensenellaceae R-7 group	
OTU_330	Bacteria	Firmicutes	Bacilli	Staphylococcales	Staphylococcaceae	Staphylococcus	
OTU_585	Bacteria	Firmicutes	Clostridia	Oscillospirales	Butyricicoccaceae	Butyricicoccus	
OTU_151	Bacteria	Firmicutes	Bacilli	Bacillales	Marinococcaceae	Geomicrobium	Geomicrobium sediminis
OTU_790	Bacteria	Firmicutes	Clostridia	Clostridiales	Clostridiaceae	Clostridium sensu stricto 11	Clostridium sp. LAM-GX-0C10
OTU_776	Bacteria	Proteobacteria	Alphaproteobacteria	Rhizobiales	Rhizobiales Incertae Sedis		
OTU_466	Bacteria	Deinococcota	Deinococci	Deinococcales	Deinococcaceae	Deinococcus	Deinococcus geothermalis
OTU_1130	Eukaryota	Opisthokonta	Ascomycota	Pezizomycotina	Leotiomycetes	Helotiales	Sclerotiniaceae
OTU_1139	Eukaryota	Opisthokonta	Ascomycota	Pezizomycotina	Leotiomycetes	Helotiales	
OTU_110	Bacteria	Firmicutes	Bacilli	Bacillales	Bacillaceae	Bacillus	Bacillus circulans subsp. circulans
OTU_699	Bacteria	Firmicutes	Clostridia	Clostridiales	Clostridiaceae	Clostridium sensu stricto 5	bacterium 5A-1
OTU_272	Bacteria	Proteobacteria	Gammaproteobacteria	Burkholderiales	Burkholderiaceae	Robbsia	
OTU_800	Bacteria	Firmicutes	Clostridia	Lachnospirales	Lachnospiraceae	Lachnoclostridium	
OTU_639	Bacteria	Firmicutes	Clostridia	Lachnospirales	Lachnospiraceae		
OTU_46	Bacteria	Firmicutes	Bacilli	Lactobacillales	Streptococcaceae	Lactococcus	Lactococcus lactis
OTU_806	Bacteria	Proteobacteria	Alphaproteobacteria	Rhizobiales	Rhizobiales Incertae Sedis	Nordella	uncultured sludge bacterium H34
OTU_117	Bacteria	Firmicutes	Bacilli	Paenibacillales	Paenibacillaceae	Fontibacillus	Paenibacillus vini
OTU_43	Bacteria	Firmicutes	Bacilli	Lactobacillales	Enterococcaceae	Melissococcus	Melissococcus plutonius ATCC 35311
OTU_305	Bacteria	Firmicutes	Bacilli	Lactobacillales	Enterococcaceae	Enterococcus	Enterococcus caccae ATCC BAA-1240
OTU_1275	Bacteria	Proteobacteria	Alphaproteobacteria	Rickettsiales	Mitochondria	Penicillium sp. ShG4C	
OTU_385	Bacteria	Bacteroidota	Bacteroidia	Flavobacteriales	Weeksellaceae	Cloacibacterium	
OTU_37	Bacteria	Proteobacteria	Gammaproteobacteria	Pseudomonadales	Moraxellaceae	Acinetobacter	Acinetobacter sp.
OTU_828	Bacteria	Firmicutes	Clostridia	Lachnospirales	Lachnospiraceae	Lachnospiraceae UCG-008	
OTU_632	Bacteria	Cyanobacteria	Vampirivibrionia	Obscuribacterales	Obscuribacteraceae	Candidatus Obscuribacter	
OTU_515	Bacteria	Proteobacteria	Alphaproteobacteria	Caulobacterales	Caulobacteraceae	Brevundimonas	Brevundimonas sp. KSUM_67
OTU_753	Bacteria	Proteobacteria	Alphaproteobacteria	Paracaedibacterales	Paracaedibacteraceae	Candidatus Paracaedibacter	
OTU_96	Bacteria	Firmicutes	Bacilli	Bacillales	Bacillaceae		
OTU_936	Eukaryota	Opisthokonta	Ascomycota	Pezizomycotina	Eurotiomycetes	Chaetothyriales	
OTU_950	Eukaryota	Opisthokonta	Ascomycota	Pezizomycotina	Eurotiomycetes	Chaetothyriales	
OTU_957	Eukaryota	Opisthokonta	Ascomycota	Pezizomycotina	Eurotiomycetes	Chaetothyriales	
OTU_959	Eukaryota	Opisthokonta	Ascomycota	Pezizomycotina	Eurotiomycetes	Chaetothyriales	
OTU_962	Eukaryota	Opisthokonta	Ascomycota	Pezizomycotina	Eurotiomycetes	Chaetothyriales	Trichomeriaceae
OTU_963	Eukaryota	Opisthokonta	Ascomycota	Pezizomycotina	Eurotiomycetes	Chaetothyriales	
OTU_970	Eukaryota	Opisthokonta	Ascomycota	Pezizomycotina	Eurotiomycetes	Chaetothyriales	
OTU_979	Eukaryota	Opisthokonta	Ascomycota	Pezizomycotina	Eurotiomycetes	Chaetothyriales	Trichomeriaceae
OTU_983	Eukaryota	Opisthokonta	Ascomycota	Pezizomycotina			
OTU_989	Eukaryota	Opisthokonta	Ascomycota	Pezizomycotina	Eurotiomycetes	Chaetothyriales	
OTU_996	Eukaryota	Opisthokonta	Ascomycota	Pezizomycotina			
OTU_1004	Eukaryota	Opisthokonta	Ascomycota	Pezizomycotina	Eurotiomycetes		
OTU_1006	Eukaryota	Opisthokonta	Ascomycota	Pezizomycotina	Eurotiomycetes		
OTU_1015	Eukaryota	Opisthokonta	Ascomycota	Pezizomycotina	Eurotiomycetes	Chaetothyriales	
OTU_1020	Eukaryota	Opisthokonta	Ascomycota	Pezizomycotina	Eurotiomycetes	Chaetothyriales	
OTU_1037	Eukaryota	Opisthokonta	Ascomycota	Pezizomycotina	Eurotiomycetes	Chaetothyriales	
OTU_686	Bacteria	Proteobacteria	Gammaproteobacteria	Enterobacterales	Succinivibrionaceae	Anaerobiospirillum	
OTU_1012	Eukaryota	Opisthokonta	Ascomycota	Pezizomycotina	Dothideomycetes	Pleosporales	Incertae Sedis	Pleiochaeta
OTU_615	Bacteria	Firmicutes	Clostridia	Clostridia UCG-014			
OTU_189	Bacteria	Verrucomicrobiota	Chlamydiae	Chlamydiales	Simkaniaceae		
OTU_193	Bacteria	Verrucomicrobiota	Chlamydiae	Chlamydiales	Simkaniaceae		
OTU_927	Eukaryota	Opisthokonta	Ascomycota	Pezizomycotina	Sordariomycetes		
OTU_1082	Eukaryota	Opisthokonta	Ascomycota	Pezizomycotina			
OTU_104	Bacteria	Proteobacteria	Gammaproteobacteria	Legionellales	Legionellaceae	Legionella	
OTU_182	Bacteria	Firmicutes	Bacilli	Bacillales	Bacillaceae	Bacillus	
OTU_622	Bacteria	Firmicutes	Clostridia	Oscillospirales	[Eubacterium] coprostanoligenes group		
OTU_355	Bacteria	Firmicutes	Bacilli	Entomoplasmatales	Spiroplasmataceae	Spiroplasma	
OTU_703	Bacteria	Firmicutes	Clostridia	Lachnospirales	Lachnospiraceae	Shuttleworthia	uncultured rumen bacterium
OTU_400	Bacteria	Bacteroidota	Bacteroidia	Sphingobacteriales	Sphingobacteriaceae	Mucilaginibacter	
OTU_866	Eukaryota	Opisthokonta	Ascomycota	Saccharomycotina	Saccharomycetes	Saccharomycetales	Debaryomycetaceae
OTU_871	Eukaryota	Opisthokonta	Ascomycota	Saccharomycotina	Saccharomycetes	Saccharomycetales	Debaryomycetaceae
OTU_897	Eukaryota	Opisthokonta	Ascomycota	Saccharomycotina			
OTU_173	Bacteria	Firmicutes	Bacilli	Bacillales	Bacillaceae		
OTU_364	Bacteria	Bacteroidota	Bacteroidia	Bacteroidales	Bacteroidetes vadinHA17		
OTU_755	Bacteria	Firmicutes	Clostridia	Lachnospirales	Lachnospiraceae	Lachnoclostridium	uncultured Lachnospiraceae bacterium
OTU_548	Bacteria	Proteobacteria	Alphaproteobacteria	Rhizobiales	Beijerinckiaceae	Methylobacterium-Methylorubrum	Methylobacterium jeotgali
OTU_759	Bacteria	Firmicutes	Clostridia	Lachnospirales	Lachnospiraceae	Herbinix	Herbinix luporum
OTU_372	Bacteria	Actinobacteriota	Actinobacteria	Micrococcales	Microbacteriaceae	Microbacterium	Microbacterium sp.
OTU_374	Bacteria	Bacteroidota	Bacteroidia	Flavobacteriales	Weeksellaceae	Chryseobacterium	
OTU_506	Bacteria	Proteobacteria	Alphaproteobacteria	Rhizobiales	Beijerinckiaceae	Methylocella	
OTU_171	Bacteria	Firmicutes	Bacilli	Bacillales	Bacillaceae	Pseudogracilibacillus	
OTU_179	Bacteria	Firmicutes	Bacilli	Bacillales	Bacillaceae	Virgibacillus	Virgibacillus halophilus
OTU_261	Bacteria	Firmicutes	Bacilli	Lactobacillales	Lactobacillaceae	Latilactobacillus	Lactobacillus sakei
OTU_241	Bacteria	Firmicutes	Bacilli	Lactobacillales	Lactobacillaceae	Lactiplantibacillus	Lactobacillus pentosus
OTU_177	Bacteria	Firmicutes	Bacilli	Bacillales	Planococcaceae		
OTU_278	Bacteria	Verrucomicrobiota	Chlamydiae	Chlamydiales	Simkaniaceae		
OTU_731	Bacteria	Firmicutes	Clostridia	Lachnospirales	Lachnospiraceae	Lachnospiraceae NK4A136 group	uncultured rumen bacterium
OTU_1234	Bacteria	Proteobacteria	Gammaproteobacteria	Pseudomonadales	Halomonadaceae	Halomonas	
OTU_563	Bacteria	Actinobacteriota	Actinobacteria	Micrococcales	Micrococcaceae	Micrococcus	Micrococcus luteus
OTU_417	Bacteria	Bacteroidota	Bacteroidia	Bacteroidales	Prevotellaceae	Prevotella	
OTU_441	Bacteria	Actinobacteriota	Actinobacteria	Micrococcales	Microbacteriaceae	Curtobacterium	Curtobacterium flaccumfaciens
OTU_555	Bacteria	Actinobacteriota	Actinobacteria	Corynebacteriales	Corynebacteriaceae	Corynebacterium	Corynebacterium sp. P147607UB03
OTU_163	Bacteria	Firmicutes	Bacilli	Bacillales	Bacillaceae	Bacillus	Bacillus infernus
OTU_709	Bacteria	Firmicutes	Clostridia	Monoglobales	Monoglobaceae		
OTU_638	Bacteria	Firmicutes	Clostridia	Clostridia vadinBB60 group			
OTU_1281	Bacteria	Proteobacteria	Alphaproteobacteria				
OTU_427	Bacteria	Bacteroidota	Bacteroidia	Bacteroidales	Porphyromonadaceae	Porphyromonas	uncultured Porphyromonas sp.
OTU_349	Bacteria	Firmicutes	Bacilli	Paenibacillales	Paenibacillaceae	Paenibacillus	Paenibacillus sp. DLS-09
OTU_247	Bacteria	Proteobacteria	Gammaproteobacteria	Enterobacterales	Pasteurellaceae	Haemophilus	
OTU_780	Bacteria	Firmicutes	Clostridia	Lachnospirales	Lachnospiraceae	Oribacterium	
OTU_312	Bacteria	Proteobacteria	Gammaproteobacteria	Enterobacterales	Erwiniaceae		
OTU_136	Bacteria	Firmicutes	Bacilli	Bacillales	Bacillaceae	Terribacillus	Terribacillus saccharophilus
OTU_195	Bacteria	Proteobacteria	Gammaproteobacteria	Enterobacterales	Yersiniaceae	Serratia	secondary symbiont type-R of Cinara cedri
OTU_1137	Eukaryota	Opisthokonta	Ascomycota	Pezizomycotina	Dothideomycetes	Capnodiales	Cladosporiaceae
OTU_1145	Eukaryota	Opisthokonta	Ascomycota	Pezizomycotina	Dothideomycetes	Capnodiales	
OTU_519	Bacteria	Firmicutes	Clostridia	Oscillospirales	Ruminococcaceae	Faecalibacterium	
OTU_70	Bacteria	Proteobacteria	Gammaproteobacteria	Enterobacterales	Enterobacteriaceae	Escherichia-Shigella	
OTU_807	Bacteria	Firmicutes	Clostridia	Lachnospirales	Lachnospiraceae	Shuttleworthia	
OTU_31	Bacteria	Proteobacteria	Gammaproteobacteria	Enterobacterales	Enterobacteriaceae	Escherichia-Shigella	uncultured Escherichia sp.
OTU_399	Bacteria	Bacteroidota	Bacteroidia	Bacteroidales	Prevotellaceae	Prevotella	uncultured Prevotella sp.
OTU_401	Bacteria	Bacteroidota	Bacteroidia	Sphingobacteriales	Sphingobacteriaceae	Mucilaginibacter	Castanea mollissima (Chinese chestnut)
OTU_550	Bacteria	Firmicutes	Clostridia	Lachnospirales	Lachnospiraceae	Lachnoclostridium	bacterium
OTU_434	Bacteria	Actinobacteriota	Actinobacteria	Micrococcales	Micrococcaceae	Glutamicibacter	Glutamicibacter nicotianae
OTU_81	Bacteria	Proteobacteria	Gammaproteobacteria	Enterobacterales	Yersiniaceae	Serratia	
OTU_360	Bacteria	Proteobacteria	Gammaproteobacteria	Enterobacterales	Yersiniaceae		
OTU_108	Eukaryota	Opisthokonta	Ascomycota	Saccharomycotina			
OTU_147	Eukaryota	Opisthokonta	Ascomycota	Saccharomycotina			
OTU_156	Eukaryota	Opisthokonta	Ascomycota	Saccharomycotina			
OTU_244	Bacteria	Proteobacteria	Gammaproteobacteria	Enterobacterales	Pectobacteriaceae	Lonsdalea	Lonsdalea britannica
OTU_379	Bacteria	Bacteroidota	Bacteroidia	Bacteroidales	Rikenellaceae	Alistipes	Alistipes sp. CHKCI003
OTU_74	Bacteria	Proteobacteria	Gammaproteobacteria	Enterobacterales	Vibrionaceae	Vibrio	Epeolus variegatus
OTU_114	Bacteria	Firmicutes	Bacilli	Bacillales	Bacillaceae	Bacillus	Bacillus thermolactis
OTU_608	Bacteria	Firmicutes	Clostridia				
OTU_835	Bacteria	Firmicutes	Clostridia	Peptostreptococcales-Tissierellales	Family XI	Tissierella	uncultured prokaryote
OTU_246	Bacteria	Firmicutes	Bacilli	Bacillales	Bacillaceae	Oceanobacillus	Oceanobacillus luteolus
OTU_35	Bacteria	Proteobacteria	Gammaproteobacteria	Pseudomonadales	Moraxellaceae	Acinetobacter	
OTU_209	Bacteria	Proteobacteria	Gammaproteobacteria	Gammaproteobacteria Incertae Sedis	Unknown Family	Candidatus Ovatusbacter	
OTU_965	Eukaryota	Opisthokonta	Ascomycota	Pezizomycotina			
OTU_1107	Eukaryota	Opisthokonta	Ascomycota	Pezizomycotina	Dothideomycetes	Capnodiales	Teratosphaeriaceae
OTU_1113	Eukaryota	Opisthokonta	Ascomycota	Pezizomycotina	Dothideomycetes	Capnodiales	Teratosphaeriaceae	Neocatenulostroma	Neocatenulostroma microsporum
OTU_637	Bacteria	Firmicutes	Clostridia	Oscillospirales	[Eubacterium] coprostanoligenes group		
OTU_643	Bacteria	Firmicutes	Clostridia	Lachnospirales	Lachnospiraceae	Lachnospiraceae UCG-008	
OTU_293	Bacteria	Proteobacteria	Gammaproteobacteria	Burkholderiales	Oxalobacteraceae	Massilia	
OTU_85	Bacteria	Proteobacteria	Gammaproteobacteria	Pseudomonadales	Pseudomonadaceae	Pseudomonas	Pseudomonas sp.
OTU_128	Bacteria	Proteobacteria	Gammaproteobacteria	Xanthomonadales	Xanthomonadaceae	Pseudoxanthomonas	Stenotrophomonas sp. 2000-18
OTU_599	Bacteria	Proteobacteria	Alphaproteobacteria	Rhizobiales	Beijerinckiaceae	1174-901-12	
OTU_545	Bacteria	Proteobacteria	Alphaproteobacteria	Rickettsiales			
OTU_317	Bacteria	Proteobacteria	Gammaproteobacteria	Pseudomonadales	Cellvibrionaceae	Cellvibrio	
OTU_341	Bacteria	Firmicutes	Bacilli	Paenibacillales	Paenibacillaceae	Paenibacillus	
OTU_183	Bacteria	Myxococcota	Myxococcia	Myxococcales	Myxococcaceae	P3OB-42	
OTU_27	Bacteria	Proteobacteria	Gammaproteobacteria	Pseudomonadales	Halomonadaceae	Halomonas	Halomonas phoceae
OTU_299	Bacteria	Proteobacteria	Gammaproteobacteria	Pseudomonadales	Halomonadaceae	Halomonas	
OTU_325	Bacteria	Proteobacteria	Gammaproteobacteria	Pseudomonadales	Halomonadaceae	Halomonas	
OTU_867	Bacteria	Proteobacteria	Gammaproteobacteria	Pseudomonadales	Halomonadaceae		
OTU_523	Eukaryota	Opisthokonta	Basidiomycota	Agaricomycotina			
OTU_859	Eukaryota	Opisthokonta	Basidiomycota	Agaricomycotina	Agaricomycetes		
OTU_874	Eukaryota	Opisthokonta	Basidiomycota	Agaricomycotina	Agaricomycetes	Polyporales	Incertae Sedis
OTU_642	Bacteria	Firmicutes	Bacilli	Thermoactinomycetales	Thermoactinomycetaceae	Laceyella	Laceyella sacchari
OTU_152	Bacteria	Proteobacteria	Gammaproteobacteria	Enterobacterales	Succinivibrionaceae	Succinivibrionaceae UCG-001	
OTU_101	Bacteria	Firmicutes	Bacilli	Bacillales	Bacillaceae		
OTU_11	Bacteria	Proteobacteria	Gammaproteobacteria	Enterobacterales	Shewanellaceae	Shewanella	
OTU_307	Bacteria	Proteobacteria	Gammaproteobacteria	Enterobacterales	Yersiniaceae	Serratia	Serratia sp.
OTU_502	Bacteria	Firmicutes	Clostridia	Lachnospirales	Lachnospiraceae	Anaerostipes	Anaerostipes butyraticus
OTU_680	Bacteria	Firmicutes	Clostridia	Peptostreptococcales-Tissierellales	Anaerovoracaceae	[Eubacterium] nodatum group	Ihubacter massiliensis
OTU_654	Bacteria	Firmicutes	Clostridia	Oscillospirales	Oscillospiraceae	UCG-002	
OTU_1102	Eukaryota	Opisthokonta	Ascomycota	Pezizomycotina	Dothideomycetes	Capnodiales	Cladosporiaceae	Cladosporium	Cladosporium sp. CBS 280.49
OTU_1119	Eukaryota	Opisthokonta	Ascomycota	Pezizomycotina	Dothideomycetes	Capnodiales	
OTU_394	Bacteria	Bacteroidota	Bacteroidia	Sphingobacteriales	Sphingobacteriaceae	Pedobacter	Pedobacter sp.
OTU_12	Bacteria	Firmicutes	Bacilli	Lactobacillales	Lactobacillaceae	Apilactobacillus	
OTU_602	Bacteria	Firmicutes	Clostridia	Oscillospirales	Ruminococcaceae		
OTU_511	Bacteria	Actinobacteriota	Actinobacteria	Bifidobacteriales	Bifidobacteriaceae	Bifidobacterium	Bifidobacterium sp. JCM 6439
OTU_793	Bacteria	Proteobacteria	Alphaproteobacteria	Rhizobiales	Beijerinckiaceae	Methylorosula	Beijerinckia sp. N4
OTU_300	Bacteria	Firmicutes	Bacilli	Lactobacillales	Streptococcaceae	Lactococcus	Lactococcus garvieae
OTU_411	Bacteria	Bacteroidota	Bacteroidia	Bacteroidales	Rikenellaceae	Rikenellaceae RC9 gut group	
OTU_295	Bacteria	Proteobacteria	Gammaproteobacteria	Pseudomonadales	Pseudomonadaceae	Pseudomonas	Pseudomonas sp.
OTU_720	Bacteria	Firmicutes	Clostridia	Lachnospirales	Lachnospiraceae		
OTU_779	Bacteria	Firmicutes	Clostridia	Lachnospirales	Lachnospiraceae	Lachnospiraceae NK4A136 group	uncultured rumen bacterium
OTU_58	Bacteria	Firmicutes	Bacilli	Bacillales	Bacillaceae		
OTU_337	Bacteria	Firmicutes	Bacilli	Erysipelotrichales	Erysipelatoclostridiaceae	Erysipelatoclostridium	
OTU_647	Bacteria	Firmicutes	Clostridia	Oscillospirales	UCG-010		
OTU_818	Bacteria	Proteobacteria	Alphaproteobacteria	Rhizobiales	Hyphomicrobiaceae	Hyphomicrobium	Hyphomicrobium zavarzinii
OTU_1317	Bacteria	Actinobacteriota	Actinobacteria	Streptomycetales	Streptomycetaceae	Streptomyces	
OTU_185	Bacteria	Firmicutes	Bacilli	Lactobacillales	Enterococcaceae	Enterococcus	Enterococcus cecorum
OTU_359	Bacteria	Firmicutes	Bacilli	Paenibacillales	Paenibacillaceae	Cohnella	
OTU_629	Bacteria	Firmicutes	Clostridia	Clostridia UCG-014			
OTU_473	Bacteria	Actinobacteriota	Actinobacteria	Micrococcales	Intrasporangiaceae	Knoellia	Knoellia sp. LC491
OTU_591	Bacteria	Proteobacteria	Alphaproteobacteria	Acetobacterales	Acetobacteraceae		alpha proteobacterium CRIB-03
OTU_804	Bacteria	Acidobacteriota	Acidobacteriae	Acidobacteriales	Acidobacteriaceae (Subgroup 1)	Granulicella	
OTU_716	Bacteria	Firmicutes	Clostridia	Oscillospirales	Ruminococcaceae	Ruminococcus	uncultured rumen bacterium
OTU_713	Bacteria	Proteobacteria	Alphaproteobacteria	Rhizobiales	Beijerinckiaceae	Methylobacterium-Methylorubrum	
OTU_426	Bacteria	Bacteroidota	Bacteroidia	Sphingobacteriales	Sphingobacteriaceae	Mucilaginibacter	Mucilaginibacter sp. FB14.2
OTU_665	Bacteria	Firmicutes	Clostridia	Clostridia UCG-014			
OTU_808	Eukaryota	Opisthokonta					
OTU_852	Eukaryota	Opisthokonta					
OTU_142	Bacteria	Proteobacteria	Gammaproteobacteria	Enterobacterales	Enterobacteriaceae	Citrobacter	
OTU_595	Bacteria	Proteobacteria	Alphaproteobacteria	Sphingomonadales	Sphingomonadaceae	Sphingomonas	uncultured Sphingomonadaceae bacterium
OTU_280	Bacteria	Firmicutes	Bacilli	Brevibacillales	Brevibacillaceae	Brevibacillus	Brevibacillus aydinogluensis
OTU_256	Bacteria	Desulfobacterota	Desulfovibrionia	Desulfovibrionales	Desulfovibrionaceae	Desulfovibrio	bacterium NLAE-zl-H43
OTU_255	Bacteria	Firmicutes	Bacilli	Bacillales	Planococcaceae	Rummeliibacillus	Bacillus sp. NBRC 101869
OTU_746	Bacteria	Proteobacteria	Alphaproteobacteria	Rhizobiales	Rhizobiales Incertae Sedis	Phreatobacter	uncultured Alphaproteobacteria bacterium
OTU_471	Bacteria	Deinococcota	Deinococci	Thermales	Thermaceae	Thermus	Thermus thermophilus JL-18
OTU_233	Bacteria	Proteobacteria	Gammaproteobacteria	Burkholderiales	Comamonadaceae	Aquabacterium	
OTU_409	Bacteria	Bacteroidota	Bacteroidia	Bacteroidales	Prevotellaceae	Prevotella	bacterium XPB4001
OTU_702	Bacteria	Firmicutes	Clostridia	Lachnospirales	Lachnospiraceae	Lachnospiraceae XPB1014 group	uncultured rumen bacterium
OTU_230	Bacteria	Proteobacteria	Gammaproteobacteria	Pseudomonadales	Pseudomonadaceae	Pseudomonas	Pseudomonas sp. KNUC382
OTU_119	Bacteria	Firmicutes	Bacilli	Lactobacillales	Carnobacteriaceae	Carnobacterium	Carnobacterium inhibens
OTU_309	Bacteria	Firmicutes	Bacilli	Brevibacillales	Brevibacillaceae	Brevibacillus	Brevibacillus fluminis
OTU_375	Bacteria	Bacteroidota	Bacteroidia	Bacteroidales	Prevotellaceae	Prevotella	Prevotella ruminicola 23
OTU_225	Bacteria	Proteobacteria	Gammaproteobacteria	Burkholderiales	Comamonadaceae	Variovorax	Variovorax sp. CC1Q2
OTU_653	Bacteria	Firmicutes	Dethiobacteria	Dethiobacterales	Dethiobacteraceae	Dethiobacter	
OTU_224	Bacteria	Proteobacteria	Gammaproteobacteria	Enterobacterales	Yersiniaceae	Serratia	Rahnella aquatilis
OTU_499	Bacteria	Proteobacteria	Alphaproteobacteria	Holosporales	Holosporaceae		
OTU_710	Bacteria	Firmicutes	Clostridia	Clostridiales	Clostridiaceae	Clostridium sensu stricto 1	
OTU_1100	Eukaryota	Opisthokonta	Ascomycota	Pezizomycotina			
OTU_284	Bacteria	Firmicutes	Bacilli	Bacillales	Bacillaceae	Oceanobacillus	Oceanobacillus oncorhynchi
OTU_34	Bacteria	Proteobacteria	Alphaproteobacteria	Acetobacterales	Acetobacteraceae	Bombella	
OTU_593	Bacteria	Proteobacteria	Alphaproteobacteria	Acetobacterales	Acetobacteraceae	Bombella	
OTU_140	Bacteria	Proteobacteria	Gammaproteobacteria	Pseudomonadales	Pseudomonadaceae	Pseudomonas	Pseudomonas fluorescens
OTU_767	Bacteria	Firmicutes	Clostridia	Lachnospirales	Lachnospiraceae	Lachnospiraceae FCS020 group	Lachnospiraceae bacterium RM29
OTU_267	Bacteria	Proteobacteria	Gammaproteobacteria	Enterobacterales	Erwiniaceae	Pantoea	
OTU_357	Bacteria	Firmicutes	Bacilli	Paenibacillales	Paenibacillaceae	Paenibacillus	Paenibacillus crassostreae
OTU_420	Bacteria	Bacteroidota	Bacteroidia	Sphingobacteriales	Sphingobacteriaceae	Sphingobacterium	Sphingobacterium sp. cxh-8
OTU_483	Bacteria	Firmicutes	Bacilli	Thermoactinomycetales	Thermoactinomycetaceae	Shimazuella	
OTU_501	Bacteria	Proteobacteria	Alphaproteobacteria	Caulobacterales	Caulobacteraceae	Brevundimonas	Brevundimonas sp.
OTU_577	Bacteria	Actinobacteriota	Actinobacteria	Streptomycetales	Streptomycetaceae	Streptomyces	Streptomyces sp. Fiji-204
OTU_625	Bacteria	Firmicutes	Clostridia	Clostridia vadinBB60 group			
OTU_92	Bacteria	Firmicutes	Bacilli	Bacillales	Planococcaceae	Sporosarcina	
OTU_1290	Bacteria	Proteobacteria	Gammaproteobacteria	Burkholderiales			
OTU_711	Bacteria	Firmicutes	Clostridia	Lachnospirales	Lachnospiraceae	[Ruminococcus] torques group	
OTU_68	Bacteria	Firmicutes	Bacilli	Lactobacillales	Lactobacillaceae	Lactobacillus	Lactobacillus sp. wkB8
OTU_67	Bacteria	Firmicutes	Bacilli	Lactobacillales	Lactobacillaceae	Holzapfelia	Lactobacillus floricola
OTU_221	Bacteria	Proteobacteria	Gammaproteobacteria	Enterobacterales	Erwiniaceae	Pantoea	Pantoea ananatis
OTU_200	Bacteria	Firmicutes	Bacilli	Bacillales	Bacillaceae	Gracilibacillus	Gracilibacillus dipsosauri
OTU_191	Bacteria	Proteobacteria	Gammaproteobacteria	Pseudomonadales	Moraxellaceae	Acinetobacter	Acinetobacter calcoaceticus
OTU_45	Bacteria	Proteobacteria	Gammaproteobacteria	Enterobacterales	Enterobacteriaceae	Escherichia-Shigella	
OTU_289	Bacteria	Firmicutes	Bacilli	Lactobacillales	Lactobacillaceae	Lactobacillus	
OTU_146	Bacteria	Firmicutes	Bacilli	Bacillales	Bacillaceae	Bacillus	Bacillus alkalitelluris
OTU_166	Bacteria	Bacteroidota	Bacteroidia	Flavobacteriales	Weeksellaceae	Chryseobacterium	
OTU_969	Eukaryota	Opisthokonta	Ascomycota	Pezizomycotina			
OTU_984	Eukaryota	Opisthokonta	Ascomycota	Pezizomycotina			
OTU_772	Bacteria	Campylobacterota	Campylobacteria	Campylobacterales	Arcobacteraceae	Pseudarcobacter	
OTU_443	Bacteria	Fibrobacterota	Fibrobacteria	Fibrobacterales	Fibrobacteraceae	Fibrobacter	Fibrobacter succinogenes subsp. succinogenes S85
OTU_735	Bacteria	Firmicutes	Clostridia	Clostridiales	Clostridiaceae	Clostridium sensu stricto 9	
OTU_218	Bacteria	Proteobacteria	Gammaproteobacteria	Enterobacterales	Vibrionaceae	Vibrio	Vibrio sp. CAIM 231
OTU_168	Bacteria	Proteobacteria	Gammaproteobacteria	Pseudomonadales	Moraxellaceae	Acinetobacter	Acinetobacter haemolyticus
OTU_190	Bacteria	Proteobacteria	Gammaproteobacteria	Pseudomonadales	Moraxellaceae	Acinetobacter	Acinetobacter boissieri
OTU_684	Bacteria	Firmicutes	Clostridia	Oscillospirales	Hungateiclostridiaceae	Saccharofermentans	unidentified rumen bacterium RFN72
OTU_573	Bacteria	Actinobacteriota	Actinobacteria	Propionibacteriales	Propionibacteriaceae	Friedmanniella	Friedmanniella sp.
OTU_227	Bacteria	Proteobacteria	Gammaproteobacteria	Burkholderiales	Alcaligenaceae	Pigmentiphaga	Pigmentiphaga daeguensis
OTU_180	Bacteria	Firmicutes	Bacilli	Bacillales	Bacillaceae	Bacillus	Bacillus cereus
OTU_231	Bacteria	Firmicutes	Bacilli	Bacillales	Bacillaceae	Bacillus	Bacillus cereus
OTU_321	Bacteria	Firmicutes	Bacilli	Bacillales	Bacillaceae	Bacillus	Bacillus cereus
OTU_513	Bacteria	Firmicutes	Bacilli	Bacillales	Bacillaceae	Bacillus	Bacillus cereus
OTU_565	Bacteria	Firmicutes	Bacilli	Bacillales	Bacillaceae	Bacillus	Bacillus cereus
OTU_830	Bacteria	Firmicutes	Bacilli	Bacillales	Bacillaceae	Bacillus	Bacillus cereus
OTU_862	Bacteria	Firmicutes	Bacilli	Bacillales	Bacillaceae	Bacillus	Bacillus cereus
OTU_887	Bacteria	Firmicutes	Bacilli	Bacillales	Bacillaceae	Bacillus	Bacillus cereus
OTU_941	Bacteria	Firmicutes	Bacilli	Bacillales	Bacillaceae	Bacillus	Bacillus cereus
OTU_1026	Bacteria	Firmicutes	Bacilli	Bacillales	Bacillaceae	Bacillus	Bacillus cereus
OTU_1185	Bacteria	Firmicutes	Bacilli	Bacillales	Bacillaceae	Bacillus	Bacillus cereus
OTU_1196	Bacteria	Firmicutes	Bacilli	Bacillales	Bacillaceae	Bacillus	Bacillus cereus
OTU_1229	Bacteria	Firmicutes	Bacilli	Bacillales	Bacillaceae	Bacillus	Bacillus cereus
OTU_1231	Bacteria	Firmicutes	Bacilli	Bacillales	Bacillaceae	Bacillus	Bacillus cereus
OTU_797	Bacteria	Proteobacteria	Alphaproteobacteria	Caulobacterales	Parvularculaceae	Amphiplicatus	
OTU_344	Bacteria	Firmicutes	Bacilli	Erysipelotrichales	Erysipelatoclostridiaceae	Erysipelatoclostridium	[Clostridium] spiroforme DSM 1552
OTU_29	Bacteria	Proteobacteria	Gammaproteobacteria	Pseudomonadales	Moraxellaceae	Enhydrobacter	
OTU_1226							
OTU_745	Bacteria	Acidobacteriota	Acidobacteriae	Acidobacteriales	Acidobacteriaceae (Subgroup 1)	Granulicella	Granulicella aggregans
OTU_1190	Eukaryota	Opisthokonta	Basidiomycota	Agaricomycotina			
OTU_253	Bacteria	Firmicutes	Bacilli	Lactobacillales	Lactobacillaceae	Leuconostoc	Leuconostoc pseudomesenteroides
OTU_61	Bacteria	Proteobacteria	Gammaproteobacteria	Pseudomonadales	Moraxellaceae	Acinetobacter	Acinetobacter johnsonii XBB1
OTU_1123	Eukaryota	Opisthokonta	Ascomycota	Pezizomycotina	Dothideomycetes		
OTU_1138	Eukaryota	Opisthokonta	Ascomycota	Pezizomycotina	Dothideomycetes	Capnodiales	Mycosphaerellaceae
OTU_1141	Eukaryota	Opisthokonta	Ascomycota	Pezizomycotina	Dothideomycetes	Capnodiales	Mycosphaerellaceae	Mycosphaerella
OTU_383	Bacteria	Bacteroidota	Bacteroidia	Bacteroidales	Rikenellaceae	Rikenellaceae RC9 gut group	
OTU_380	Bacteria	Bacteroidota	Bacteroidia	Bacteroidales	Prevotellaceae	Prevotellaceae YAB2003 group	
OTU_740	Bacteria	Acidobacteriota	Acidobacteriae	Acidobacteriales	Acidobacteriaceae (Subgroup 1)	Bryocella	
OTU_167	Bacteria	Firmicutes	Bacilli	Bacillales	Bacillaceae	Bacillus	Bacillus marisflavi
OTU_346	Bacteria	Firmicutes	Bacilli	Lactobacillales	Carnobacteriaceae	Dolosigranulum	
OTU_340	Bacteria	Firmicutes	Bacilli	Mycoplasmatales	Mycoplasmataceae		
OTU_324	Bacteria	Proteobacteria	Gammaproteobacteria	Burkholderiales	Comamonadaceae	Curvibacter	Curvibacter gracilis
OTU_170	Bacteria	Firmicutes	Bacilli	Bacillales	Bacillaceae	Virgibacillus	uncultured Virgibacillus sp.
OTU_607	Bacteria	Firmicutes	Clostridia	Oscillospirales	Oscillospiraceae		
OTU_612	Bacteria	Firmicutes	Clostridia	Clostridia vadinBB60 group			
OTU_623	Bacteria	Firmicutes	Clostridia	Clostridia vadinBB60 group			
OTU_811	Bacteria	Firmicutes	Clostridia	Oscillospirales	Ruminococcaceae	DTU089	
OTU_1110	Eukaryota	Opisthokonta	Ascomycota	Pezizomycotina	Dothideomycetes	Pleosporales	
OTU_682	Bacteria	Firmicutes	Bacilli	Thermoactinomycetales	Thermoactinomycetaceae	Baia	
OTU_756	Bacteria	Proteobacteria	Alphaproteobacteria	Sphingomonadales	Sphingomonadaceae	Sphingomonas	
OTU_826	Bacteria	Proteobacteria	Alphaproteobacteria	Elsterales	Elsteraceae	Elstera	Elstera sp. TH171
OTU_208	Bacteria	Proteobacteria	Gammaproteobacteria	Burkholderiales	Neisseriaceae		
OTU_507	Bacteria	Firmicutes	Bacilli	Acholeplasmatales	Acholeplasmataceae	Anaeroplasma	uncultured rumen bacterium
OTU_424	Bacteria	Bacteroidota	Bacteroidia	Cytophagales	Hymenobacteraceae	Hymenobacter	
OTU_270	Bacteria	Firmicutes	Bacilli	Lactobacillales	Lactobacillaceae	Apilactobacillus	Lactobacillus ozensis
OTU_698	Bacteria	Firmicutes	Clostridia	Lachnospirales	Lachnospiraceae		
OTU_311	Bacteria	Proteobacteria	Gammaproteobacteria	Enterobacterales	Orbaceae	Gilliamella	
OTU_327	Bacteria	Spirochaetota	Spirochaetia	Spirochaetales	Spirochaetaceae	Treponema	
OTU_249	Bacteria	Proteobacteria	Gammaproteobacteria	Burkholderiales	Neisseriaceae		
OTU_789	Bacteria	Firmicutes	Clostridia	Clostridiales	Clostridiaceae	Clostridium sensu stricto 12	
OTU_524	Bacteria	Firmicutes	Clostridia	Lachnospirales	Lachnospiraceae	Cellulosilyticum	
OTU_291	Bacteria	Proteobacteria	Gammaproteobacteria	Enterobacterales	Morganellaceae	Buchnera	Buchnera aphidicola BCc
OTU_974	Eukaryota	Opisthokonta	Ascomycota	Pezizomycotina			
OTU_1153	Eukaryota	Opisthokonta	Ascomycota	Pezizomycotina	Dothideomycetes	Capnodiales	Mycosphaerellaceae	Ramularia	Ramularia endophylla
OTU_1154	Eukaryota	Opisthokonta	Ascomycota	Pezizomycotina	Dothideomycetes	Capnodiales	Mycosphaerellaceae	Ramularia
OTU_144	Bacteria	Firmicutes	Bacilli	Bacillales	Planococcaceae	Solibacillus	Solibacillus silvestris
OTU_788	Bacteria	Proteobacteria	Alphaproteobacteria	Acetobacterales	Acetobacteraceae		
OTU_504	Bacteria	Firmicutes	Clostridia	Monoglobales	Monoglobaceae	Monoglobus	
OTU_592	Bacteria	Firmicutes	Clostridia	Monoglobales	Monoglobaceae	Monoglobus	
OTU_564	Bacteria	Actinobacteriota	Actinobacteria	Corynebacteriales	Nocardiaceae	Rhodococcus	Rhodococcus erythropolis
OTU_450	Bacteria	Firmicutes	Clostridia	Lachnospirales	Lachnospiraceae		
OTU_1144	Eukaryota	Opisthokonta	Ascomycota	Pezizomycotina	Dothideomycetes		
OTU_1155	Eukaryota	Opisthokonta	Ascomycota	Pezizomycotina	Dothideomycetes	Capnodiales	
OTU_540	Bacteria	Proteobacteria	Alphaproteobacteria	Sphingomonadales	Sphingomonadaceae	Sphingopyxis	Sphingopyxis alaskensis
OTU_760	Bacteria	Firmicutes	Clostridia	Lachnospirales	Lachnospiraceae	[Eubacterium] hallii group	
OTU_320	Bacteria	Proteobacteria	Gammaproteobacteria	Burkholderiales	Comamonadaceae	Variovorax	Variovorax sp. 44/31
OTU_467	Bacteria	Firmicutes	Clostridia	Lachnospirales	Lachnospiraceae	Lachnospiraceae NK3A20 group	
OTU_805	Bacteria	Proteobacteria	Alphaproteobacteria	Acetobacterales	Acetobacteraceae		
OTU_704	Bacteria	Proteobacteria	Alphaproteobacteria	Acetobacterales	Acetobacteraceae	Acidiphilium	
OTU_145	Bacteria	Firmicutes	Bacilli	Lactobacillales	Aerococcaceae	Aerococcus	
OTU_292	Bacteria	Proteobacteria	Gammaproteobacteria	Xanthomonadales	Rhodanobacteraceae	Frateuria	Dyella-like sp. DHo
OTU_416	Bacteria	Bacteroidota	Bacteroidia	Bacteroidales	Prevotellaceae	Prevotella_7	
OTU_633	Bacteria	Firmicutes	Bacilli	Thermoactinomycetales	Thermoactinomycetaceae	Pasteuria	
OTU_23	Bacteria	Firmicutes	Clostridia	Lachnospirales	Lachnospiraceae		
OTU_630	Bacteria	Firmicutes	Clostridia	Lachnospirales	Lachnospiraceae	Tyzzerella	uncultured Clostridium sp.
OTU_100	Bacteria	Firmicutes	Bacilli	Bacillales	Bacillaceae	Sinibacillus	
OTU_449	Bacteria	Firmicutes	Clostridia	Clostridiales	Clostridiaceae	Clostridium sensu stricto 12	Clostridium pasteurianum BC1
OTU_695	Bacteria	Proteobacteria	Alphaproteobacteria	Rhizobiales	Beijerinckiaceae	1174-901-12	
OTU_115	Bacteria	Firmicutes	Bacilli	Paenibacillales	Paenibacillaceae	Paenibacillus	Paenibacillus taiwanensis
OTU_539	Bacteria	Firmicutes	Clostridia	Lachnospirales	Lachnospiraceae	Epulopiscium	
OTU_733	Bacteria	Proteobacteria	Alphaproteobacteria	Rickettsiales	Rickettsiaceae	Rickettsia	Rickettsia conorii
OTU_89	Bacteria	Firmicutes	Bacilli	Bacillales	Bacillaceae		Ornithinibacillus sp. SP-2.7
OTU_1039	Eukaryota	Opisthokonta	Ascomycota	Pezizomycotina	Dothideomycetes	Pleosporales	Didymellaceae	Ascochyta	Ascochyta rabiei
OTU_1043	Eukaryota	Opisthokonta	Ascomycota	Pezizomycotina	Dothideomycetes	Pleosporales	Didymellaceae
OTU_1046	Eukaryota	Opisthokonta	Ascomycota	Pezizomycotina	Dothideomycetes	Pleosporales	Didymellaceae
OTU_1060	Eukaryota	Opisthokonta	Ascomycota	Pezizomycotina	Dothideomycetes	Pleosporales	Didymellaceae
OTU_1084	Eukaryota	Opisthokonta	Ascomycota	Pezizomycotina	Dothideomycetes	Pleosporales	
OTU_567	Bacteria	Firmicutes	Clostridia	Lachnospirales	Lachnospiraceae	FD2005	Lachnospiraceae bacterium AC2012
OTU_803	Bacteria	Proteobacteria	Alphaproteobacteria	Sphingomonadales	Sphingomonadaceae	Sphingobium	Sphingobium japonicum
OTU_432	Bacteria	Bacteroidota	Bacteroidia	Flavobacteriales	Weeksellaceae	Chryseobacterium	Chryseobacterium sp. NW121
OTU_692	Bacteria	Proteobacteria	Alphaproteobacteria	Rhodobacterales	Rhodobacteraceae	Paracoccus	uncultured Paracoccus sp.
OTU_468	Bacteria	Firmicutes	Clostridia	Lachnospirales	Lachnospiraceae	Anaerocolumna	
OTU_546	Bacteria	Proteobacteria	Alphaproteobacteria	Rhizobiales	Xanthobacteraceae	Afipia	Afipia genosp. 1
OTU_429	Bacteria	Bacteroidota	Bacteroidia	Flavobacteriales	Flavobacteriaceae	Flavobacterium	Flavobacterium noncentrifugens
OTU_124	Bacteria	Firmicutes	Bacilli	Paenibacillales	Paenibacillaceae	Paenibacillus	Paenibacillus larvae
OTU_568	Bacteria	Actinobacteriota	Actinobacteria	Corynebacteriales	Corynebacteriaceae	Lawsonella	
OTU_207	Bacteria	Firmicutes	Bacilli	Lactobacillales	Streptococcaceae	Streptococcus	Streptococcus equinus
OTU_447	Eukaryota	Charophyta	Tracheophyta	Spermatophyta	Magnoliophyta		
OTU_457	Eukaryota	Charophyta	Tracheophyta	Spermatophyta	Magnoliophyta		
OTU_461	Eukaryota	Charophyta	Tracheophyta	Spermatophyta	Magnoliophyta	Fabales	
OTU_487	Eukaryota	Charophyta	Tracheophyta	Spermatophyta	Magnoliophyta	Fabales	
OTU_489	Eukaryota	Charophyta	Tracheophyta	Spermatophyta	Magnoliophyta		
OTU_509	Eukaryota	Charophyta	Tracheophyta				
OTU_582	Eukaryota	Charophyta	Tracheophyta	Spermatophyta	Magnoliophyta		
OTU_877	Eukaryota	Charophyta	Tracheophyta	Spermatophyta	Magnoliophyta		
OTU_894	Eukaryota	Charophyta	Tracheophyta	Spermatophyta	Magnoliophyta	Fabales	Medicago
OTU_895	Eukaryota	Charophyta	Tracheophyta	Spermatophyta	Magnoliophyta		
OTU_896	Eukaryota	Charophyta	Tracheophyta	Spermatophyta	Magnoliophyta	Fabales	
OTU_906	Eukaryota	Charophyta	Tracheophyta	Spermatophyta	Magnoliophyta	Fabales	
OTU_912	Eukaryota	Charophyta	Tracheophyta	Spermatophyta			
OTU_914	Eukaryota	Charophyta	Tracheophyta				
OTU_973	Eukaryota	Opisthokonta	Ascomycota	Pezizomycotina			
OTU_990	Eukaryota	Opisthokonta	Ascomycota	Pezizomycotina			
OTU_994	Eukaryota	Opisthokonta	Ascomycota	Pezizomycotina			
OTU_995	Eukaryota	Opisthokonta	Ascomycota	Pezizomycotina			
OTU_1003	Eukaryota	Opisthokonta	Ascomycota	Pezizomycotina			
OTU_1035	Eukaryota	Opisthokonta	Ascomycota	Pezizomycotina	Dothideomycetes	Pleosporales	Didymellaceae
OTU_1074	Eukaryota	Opisthokonta	Ascomycota	Pezizomycotina	Dothideomycetes	Pleosporales	Didymellaceae
OTU_413	Bacteria	Bacteroidota	Bacteroidia	Bacteroidales	Rikenellaceae	Rikenellaceae RC9 gut group	
OTU_827	Bacteria	Firmicutes	Clostridia	Lachnospirales	Lachnospiraceae	Lachnospiraceae NK4A136 group	
OTU_482	Bacteria	Actinobacteriota	Actinobacteria	Corynebacteriales	Corynebacteriaceae	Corynebacterium	Corynebacterium singulare
OTU_785	Bacteria	Proteobacteria	Alphaproteobacteria	Sphingomonadales	Sphingomonadaceae	Novosphingobium	
OTU_873							
OTU_795	Bacteria	Proteobacteria	Alphaproteobacteria	Rhizobiales	Beijerinckiaceae	1174-901-12	
OTU_526	Bacteria	Actinobacteriota	Actinobacteria	Kineosporiales	Kineosporiaceae	Angustibacter	bacterium enrichment culture clone auto173_4W
OTU_1106	Eukaryota	Opisthokonta	Ascomycota	Pezizomycotina	Dothideomycetes		
OTU_44	Bacteria	Proteobacteria	Gammaproteobacteria	Enterobacterales	Erwiniaceae	Tatumella	Tatumella punctata
OTU_609	Bacteria	Firmicutes	Clostridia	Oscillospirales	Oscillospiraceae	Pseudoflavonifractor	Pseudoflavonifractor capillosus
OTU_351	Bacteria	Firmicutes	Bacilli	Entomoplasmatales	Spiroplasmataceae	Spiroplasma	Spiroplasma sp. LB-12
OTU_770	Bacteria	Proteobacteria	Alphaproteobacteria	Rhizobiales	Beijerinckiaceae		
OTU_175	Bacteria	Actinobacteriota	Actinobacteria	Streptosporangiales	Nocardiopsaceae	Nocardiopsis	Nocardiopsis nanhaiensis
OTU_254	Bacteria	Firmicutes	Bacilli	Lactobacillales	Lactobacillaceae	Limosilactobacillus	Lactobacillus vaginalis DSM 5837 = ATCC 49540
OTU_336	Bacteria	Firmicutes	Bacilli	Entomoplasmatales	Spiroplasmataceae	Spiroplasma	Spiroplasma sp. MF1006
OTU_636	Bacteria	Cyanobacteria	Cyanobacteriia	Cyanobacteriales	Nostocaceae	Sphaerospermopsis BCCUSP55	Wollea ambigua SAG 1403-7
OTU_667	Bacteria	Firmicutes	Clostridia	Clostridia UCG-014			
OTU_433	Bacteria	Firmicutes	Clostridia	Oscillospirales	Oscillospiraceae		
OTU_149	Bacteria	Proteobacteria	Gammaproteobacteria	Burkholderiales	Methylophilaceae		
OTU_215	Bacteria	Firmicutes	Bacilli	Lactobacillales	Streptococcaceae	Lactococcus	Lactococcus piscium
OTU_815	Bacteria	Proteobacteria	Alphaproteobacteria	Rhizobiales	Beijerinckiaceae	Methylobacterium-Methylorubrum	Methylobacterium sp. 475
OTU_283	Bacteria	Firmicutes	Bacilli	RF39			
OTU_817	Bacteria	Proteobacteria	Alphaproteobacteria	Rhizobiales	Pleomorphomonadaceae		uncultured Rhizobiales bacterium
OTU_98	Bacteria	Firmicutes	Bacilli	Bacillales	Bacillaceae	Bacillus	Bacillus pseudomycoides
OTU_75	Bacteria	Proteobacteria	Gammaproteobacteria	Enterobacterales	Erwiniaceae	Pantoea	Enterobacteriaceae bacterium G7_5_3TO2
OTU_32	Bacteria	Firmicutes	Bacilli	Staphylococcales	Staphylococcaceae	Staphylococcus	Staphylococcus sp. 3s
OTU_725	Bacteria	Firmicutes	Clostridia	Lachnospirales	Lachnospiraceae	Anaerosporobacter	
OTU_393	Bacteria	Bacteroidota	Bacteroidia	Bacteroidales	Prevotellaceae	Prevotella	uncultured rumen bacterium
OTU_490	Bacteria	Firmicutes	Clostridia	Clostridiales	Clostridiaceae	Clostridium sensu stricto 1	
OTU_491	Bacteria	Firmicutes	Clostridia	Clostridia UCG-014			
OTU_964	Eukaryota	Opisthokonta	Ascomycota	Pezizomycotina	Dothideomycetes	Dothideales	
OTU_971	Eukaryota	Opisthokonta	Ascomycota	Pezizomycotina	Dothideomycetes	Dothideales	
OTU_1029	Eukaryota	Opisthokonta	Ascomycota	Pezizomycotina	Dothideomycetes		
OTU_373	Bacteria	Bacteroidota	Bacteroidia	Chitinophagales	Chitinophagaceae	Vibrionimonas	Vibrionimonas magnilacihabitans
OTU_547	Bacteria	Proteobacteria	Alphaproteobacteria	Rhizobiales	Hyphomicrobiaceae	Pedomicrobium	Pedomicrobium ferrugineum
OTU_353	Bacteria	Firmicutes	Bacilli	Erysipelotrichales	Erysipelatoclostridiaceae	Erysipelatoclostridium	
OTU_419	Bacteria	Bacteroidota	Bacteroidia	Bacteroidales	Dysgonomonadaceae		
OTU_463	Bacteria	Proteobacteria	Alphaproteobacteria	Rhizobiales	Beijerinckiaceae	1174-901-12	Beijerinckia sp. M016010
OTU_386	Bacteria	Bacteroidota	Bacteroidia	Flavobacteriales	Weeksellaceae	Chryseobacterium	
OTU_273	Bacteria	Proteobacteria	Gammaproteobacteria	Burkholderiales	Comamonadaceae	Hydrogenophaga	
OTU_652	Bacteria	Firmicutes	Clostridia	Clostridia UCG-014			
OTU_534	Bacteria	Actinobacteriota	Actinobacteria	Corynebacteriales	Corynebacteriaceae	Corynebacterium	
OTU_824	Bacteria	Firmicutes	Clostridia	Lachnospirales	Lachnospiraceae	Lachnospiraceae FCS020 group	
OTU_488	Bacteria	Firmicutes	Clostridia	Clostridiales	Clostridiaceae	Clostridium sensu stricto 12	Clostridium tyrobutyricum
OTU_285	Bacteria	Proteobacteria	Gammaproteobacteria	Burkholderiales	Comamonadaceae	Diaphorobacter	uncultured compost bacterium
OTU_773	Bacteria	Proteobacteria	Alphaproteobacteria	Acetobacterales	Acetobacteraceae	Bombella	
OTU_739	Bacteria	Firmicutes	Clostridia	Oscillospirales	Ruminococcaceae	Incertae Sedis	
OTU_498	Bacteria	Firmicutes	Limnochordia	MBA03	uncultured prokaryote		
OTU_86	Bacteria	Firmicutes	Bacilli	Lactobacillales	Lactobacillaceae	Fructobacillus	Fructobacillus tropaeoli
OTU_562	Bacteria	Actinobacteriota	Actinobacteria	Micromonosporales	Micromonosporaceae	Micromonospora	
OTU_762	Bacteria	Proteobacteria	Alphaproteobacteria	Rhizobiales	Beijerinckiaceae	1174-901-12	Methyloferula sp. PAMC 26571
OTU_41	Bacteria	Proteobacteria	Gammaproteobacteria	Enterobacterales	Yersiniaceae		
OTU_559	Bacteria	Proteobacteria	Alphaproteobacteria	Rhizobiales	Beijerinckiaceae	Methylobacterium-Methylorubrum	Methylorubrum populi
OTU_304	Bacteria	Firmicutes	Bacilli	Lactobacillales	Lactobacillaceae	Ligilactobacillus	
OTU_761	Bacteria	Proteobacteria	Alphaproteobacteria	Rhizobiales	Xanthobacteraceae	Afipia	
OTU_604	Bacteria	Firmicutes	Clostridia	Oscillospirales	Oscillospiraceae	Colidextribacter	
OTU_266	Bacteria	Firmicutes	Bacilli	Alicyclobacillales	Alicyclobacillaceae	Effusibacillus	
OTU_73	Bacteria	Firmicutes	Bacilli	Lactobacillales	Lactobacillaceae	Lactobacillus	
OTU_792	Bacteria	Proteobacteria	Alphaproteobacteria	Azospirillales	Inquilinaceae		
OTU_825	Bacteria	Proteobacteria	Alphaproteobacteria	Azospirillales	Inquilinaceae		
OTU_678	Bacteria	Firmicutes	Clostridia	Clostridia vadinBB60 group			
OTU_322	Bacteria	Firmicutes	Bacilli	Bacillales	Bacillaceae		
OTU_663	Bacteria	Firmicutes	Clostridia	Lachnospirales	Lachnospiraceae		
OTU_214	Bacteria	Firmicutes	Bacilli	Erysipelotrichales	Erysipelotrichaceae	Turicibacter	
OTU_693	Bacteria	Proteobacteria	Alphaproteobacteria	Rhizobiales	Rhizobiaceae		
OTU_257	Bacteria	Proteobacteria	Gammaproteobacteria	Pseudomonadales	Halomonadaceae	Marinospirillum	Marinospirillum minutulum
OTU_84	Bacteria	Proteobacteria	Gammaproteobacteria	Pseudomonadales	Pseudomonadaceae	Pseudomonas	Pseudomonas putida
OTU_820	Bacteria	Firmicutes	Clostridia	Oscillospirales	Ruminococcaceae	CAG-352	
OTU_1028	Eukaryota	Opisthokonta	Ascomycota	Pezizomycotina	Dothideomycetes	Pleosporales	Didymellaceae
OTU_1041	Eukaryota	Opisthokonta	Ascomycota	Pezizomycotina	Dothideomycetes	Pleosporales	Didymellaceae
OTU_1047	Eukaryota	Opisthokonta	Ascomycota	Pezizomycotina	Dothideomycetes	Pleosporales	Didymellaceae
OTU_1050	Eukaryota	Opisthokonta	Ascomycota	Pezizomycotina	Dothideomycetes	Pleosporales	Didymellaceae
OTU_1055	Eukaryota	Opisthokonta	Ascomycota	Pezizomycotina	Dothideomycetes	Pleosporales	Didymellaceae
OTU_1057	Eukaryota	Opisthokonta	Ascomycota	Pezizomycotina	Dothideomycetes	Pleosporales	Didymellaceae
OTU_1064	Eukaryota	Opisthokonta	Ascomycota	Pezizomycotina	Dothideomycetes	Pleosporales	Didymellaceae
OTU_1066	Eukaryota	Opisthokonta	Ascomycota	Pezizomycotina	Dothideomycetes	Pleosporales	Didymellaceae
OTU_1068	Eukaryota	Opisthokonta	Ascomycota	Pezizomycotina	Dothideomycetes	Pleosporales	Didymellaceae
OTU_1075	Eukaryota	Opisthokonta	Ascomycota	Pezizomycotina	Dothideomycetes	Pleosporales	Didymellaceae
OTU_1088	Eukaryota	Opisthokonta	Ascomycota	Pezizomycotina	Dothideomycetes	Pleosporales	Didymellaceae
OTU_1108	Eukaryota	Opisthokonta	Ascomycota	Pezizomycotina	Dothideomycetes	Pleosporales	
OTU_435	Eukaryota	Opisthokonta	Basidiomycota	Pucciniomycotina			
OTU_277	Bacteria	Actinobacteriota	Actinobacteria	Propionibacteriales	Propionibacteriaceae	Cutibacterium	
OTU_451	Bacteria	Proteobacteria	Alphaproteobacteria	Acetobacterales	Acetobacteraceae	Commensalibacter	Commensalibacter sp. AMU001
OTU_656	Bacteria	Firmicutes	Clostridia	Oscillospirales	Hungateiclostridiaceae	Saccharofermentans	uncultured rumen bacterium
OTU_197	Bacteria	Firmicutes	Negativicutes	Veillonellales-Selenomonadales	Sporomusaceae	Pelosinus	uncultured Pelosinus sp.
OTU_783	Bacteria	Firmicutes	Clostridia	Lachnospirales	Lachnospiraceae	Blautia	
OTU_178	Bacteria	Firmicutes	Bacilli	Bacillales	Bacillaceae	Bacillus	Bacillus sp. M18
OTU_361	Bacteria	Actinobacteriota	Actinobacteria	Micrococcales	Micrococcaceae	Rothia	Rothia endophytica
OTU_91	Bacteria	Proteobacteria	Gammaproteobacteria	Burkholderiales	Neisseriaceae	Snodgrassella	Snodgrassella alvi wkB2
OTU_226	Bacteria	Proteobacteria	Gammaproteobacteria	Enterobacterales	Orbaceae	Frischella	Frischella perrara
OTU_358	Bacteria	Firmicutes	Bacilli	Paenibacillales	Paenibacillaceae	Cohnella	
OTU_415	Bacteria	Bacteroidota	Bacteroidia	Bacteroidales	Dysgonomonadaceae		
OTU_250	Bacteria	Proteobacteria	Gammaproteobacteria	Burkholderiales	Rhodocyclaceae	Dechloromonas	Dechloromonas sp. PC1
OTU_533	Bacteria	Firmicutes	Clostridia	Lachnospirales	Lachnospiraceae		
OTU_47	Bacteria	Firmicutes	Bacilli	Bacillales	Bacillaceae	Ureibacillus	
OTU_425	Bacteria	Bacteroidota	Bacteroidia	Bacteroidales	Prevotellaceae	Alloprevotella	
OTU_120	Bacteria	Firmicutes	Bacilli	Bacillales	Bacillaceae	Bacillus	
OTU_819	Bacteria	Firmicutes	Clostridia	Lachnospirales	Lachnospiraceae	[Ruminococcus] gauvreauii group	
OTU_176	Bacteria	Bacteroidota	Bacteroidia	Flavobacteriales	Flavobacteriaceae	Flavobacterium	Flavobacterium sp. GOBB3-209
OTU_1279	Bacteria	Proteobacteria	Alphaproteobacteria	Rickettsiales	Mitochondria	Penicillium digitatum Pd1	
OTU_428	Bacteria	Bacteroidota	Bacteroidia	Chitinophagales	Chitinophagaceae	Chitinophaga	Chitinophaga jiangningensis
OTU_690	Bacteria	Acidobacteriota	Blastocatellia	Blastocatellales	Blastocatellaceae		
OTU_650	Bacteria	Firmicutes	Bacilli	Thermoactinomycetales	Thermoactinomycetaceae		
OTU_616	Bacteria	Firmicutes	Clostridia	Clostridia UCG-014			
OTU_517	Bacteria	Firmicutes	Clostridia	Lachnospirales	Lachnospiraceae	Eisenbergiella	
OTU_455	Bacteria	Firmicutes	Clostridia	Clostridiales	Clostridiaceae	Clostridium sensu stricto 1	
OTU_891	Eukaryota	Charophyta	Tracheophyta	Spermatophyta			
OTU_839	Bacteria	Firmicutes	Clostridia	Oscillospirales	Ruminococcaceae	Anaerotruncus	uncultured compost bacterium
OTU_206	Bacteria	Proteobacteria	Gammaproteobacteria	Burkholderiales	Alcaligenaceae	Achromobacter	Achromobacter sp.
OTU_719	Bacteria	Proteobacteria	Alphaproteobacteria	Rickettsiales	Candidatus Hepatincola	uncultured proteobacterium	
OTU_334	Bacteria	Myxococcota	Polyangia	Polyangiales	Polyangiaceae	Pajaroellobacter	metagenome
OTU_184	Bacteria	Proteobacteria	Gammaproteobacteria	Pseudomonadales	Moraxellaceae	Acinetobacter	
OTU_398	Bacteria	Bacteroidota	Bacteroidia	Bacteroidales	Prevotellaceae	Prevotella	
OTU_188	Bacteria	Proteobacteria	Gammaproteobacteria	Enterobacterales	Enterobacteriaceae	Citrobacter	Citrobacter farmeri
OTU_744	Bacteria	Proteobacteria	Alphaproteobacteria	Caulobacterales	Caulobacteraceae		
OTU_1116	Eukaryota	Opisthokonta	Ascomycota	Pezizomycotina	Dothideomycetes	Capnodiales	
OTU_1148	Eukaryota	Opisthokonta	Ascomycota	Pezizomycotina	Dothideomycetes	Capnodiales	
OTU_235	Bacteria	Firmicutes	Bacilli	Lactobacillales	Lactobacillaceae	Apilactobacillus	Lactobacillus kosoi
OTU_77	Bacteria	Proteobacteria	Gammaproteobacteria	Pseudomonadales	Halomonadaceae	Zymobacter	uncultured gamma proteobacterium
OTU_216	Bacteria	Proteobacteria	Gammaproteobacteria	Pseudomonadales	Halomonadaceae	Zymobacter	
OTU_228	Bacteria	Proteobacteria	Gammaproteobacteria	Pseudomonadales	Halomonadaceae	Zymobacter	
OTU_314	Bacteria	Proteobacteria	Gammaproteobacteria	Pseudomonadales	Halomonadaceae	Zymobacter	
OTU_728	Bacteria	Firmicutes	Clostridia	Lachnospirales	Lachnospiraceae	Blautia	
OTU_106	Bacteria	Proteobacteria	Gammaproteobacteria	Xanthomonadales	Xanthomonadaceae	Stenotrophomonas	Stenotrophomonas sp.
OTU_332	Bacteria	Firmicutes	Bacilli	Entomoplasmatales	Entomoplasmataceae	Mesoplasma	Entomoplasma melaleucae
OTU_157	Bacteria	Myxococcota	Myxococcia	Myxococcales	Myxococcaceae		
OTU_159	Bacteria	Myxococcota	Myxococcia	Myxococcales	Myxococcaceae		
OTU_829	Bacteria	Firmicutes	Clostridia	Oscillospirales	Ruminococcaceae	Negativibacillus	
OTU_202	Bacteria	Proteobacteria	Gammaproteobacteria	Enterobacterales	Enterobacteriaceae		
OTU_557							
OTU_387	Bacteria	Bacteroidota	Bacteroidia	Sphingobacteriales	env.OPS 17	Tuber borchii symbiont b-17BO	
OTU_464	Bacteria	Actinobacteriota	Actinobacteria	Micrococcales	Micrococcaceae	Kocuria	Kocuria varians
OTU_649	Bacteria	Firmicutes	Clostridia	Lachnospirales	Lachnospiraceae	Lachnospiraceae NK4A136 group	
OTU_855	Eukaryota	Opisthokonta	Ascomycota	Pezizomycotina	Dothideomycetes	Dothideales	
OTU_992	Eukaryota	Opisthokonta	Ascomycota	Pezizomycotina	Dothideomycetes	Dothideales	Dothideaceae	Dothidea
OTU_752	Bacteria	Firmicutes	Clostridia	Lachnospirales	Lachnospiraceae	Fusicatenibacter	
OTU_660	Bacteria	Firmicutes	Clostridia	Peptostreptococcales-Tissierellales	Anaerovoracaceae	Anaerovorax	
OTU_80	Bacteria	Firmicutes	Bacilli	Bacillales	Bacillaceae	Bacillus	Bacillus sp. (in: Bacteria)
OTU_26	Bacteria	Firmicutes	Bacilli	Staphylococcales	Staphylococcaceae	Staphylococcus	Staphylococcus saprophyticus
OTU_758	Bacteria	Firmicutes	Clostridia	Clostridiales	Clostridiaceae	Clostridium sensu stricto 10	uncultured Clostridiaceae bacterium
OTU_750	Bacteria	Acidobacteriota	Acidobacteriae	Acidobacteriales	Acidobacteriaceae (Subgroup 1)	Granulicella	Granulicella tundricola MP5ACTX9
OTU_727	Bacteria	Firmicutes	Clostridia	Clostridiales	Clostridiaceae	Clostridium sensu stricto 13	
OTU_205	Bacteria	Proteobacteria	Gammaproteobacteria	Pseudomonadales	Pseudomonadaceae	Pseudomonas	Pseudomonas japonica
OTU_199	Bacteria	Firmicutes	Bacilli	Bacillaceae bacterium 53-2			
OTU_333	Bacteria	Firmicutes	Bacilli	Paenibacillales	Paenibacillaceae	Cohnella	
OTU_673	Bacteria	Firmicutes	Clostridia	Clostridiales	Clostridiaceae	Clostridium sensu stricto 13	
OTU_301	Bacteria	Firmicutes	Bacilli	Mycoplasmatales	Mycoplasmataceae		
OTU_338	Bacteria	Firmicutes	Bacilli	Mycoplasmatales	Mycoplasmataceae		
OTU_210	Bacteria	Bacteroidota	Bacteroidia	Cytophagales	Spirosomaceae	Pseudarcicella	
OTU_687	Bacteria	Firmicutes	Clostridia	Lachnospirales	Lachnospiraceae	CHKCI001	
OTU_294	Bacteria	Proteobacteria	Gammaproteobacteria	Burkholderiales	Oxalobacteraceae	Herbaspirillum	Herbaspirillum sp. AU11894
OTU_22	Bacteria	Proteobacteria	Gammaproteobacteria	Pseudomonadales	Moraxellaceae	Acinetobacter	Acinetobacter apis
OTU_40	Bacteria	Proteobacteria	Gammaproteobacteria	Pseudomonadales	Moraxellaceae	Acinetobacter	Acinetobacter apis
OTU_958	Eukaryota	Opisthokonta	Ascomycota	Pezizomycotina	Dothideomycetes		
OTU_1063	Eukaryota	Opisthokonta	Ascomycota	Pezizomycotina	Dothideomycetes		
OTU_1079	Eukaryota	Opisthokonta	Ascomycota	Pezizomycotina	Dothideomycetes	Capnodiales	
OTU_741	Bacteria	Proteobacteria	Alphaproteobacteria	Acetobacterales	Acetobacteraceae	Acidiphilium	
OTU_583	Bacteria	Proteobacteria	Alphaproteobacteria	Acetobacterales	Acetobacteraceae	Gluconobacter	Gluconobacter morbifer G707
OTU_318	Bacteria	Proteobacteria	Gammaproteobacteria	Burkholderiales	Comamonadaceae		
OTU_99	Bacteria	Proteobacteria	Gammaproteobacteria	Enterobacterales	Erwiniaceae	Erwinia	uncultured gamma proteobacterium
OTU_172	Bacteria	Firmicutes	Bacilli	Bacillales	Bacillaceae	Sediminibacillus	Sediminibacillus halophilus
OTU_516	Bacteria	Proteobacteria	Alphaproteobacteria	Sphingomonadales	Sphingomonadaceae	Novosphingobium	Novosphingobium panipatense
OTU_763	Bacteria	Proteobacteria	Alphaproteobacteria	Sphingomonadales	Sphingomonadaceae	Sphingomonas	
OTU_556	Bacteria	Actinobacteriota	Actinobacteria	Propionibacteriales	Propionibacteriaceae	Cutibacterium	
OTU_598	Bacteria	Proteobacteria	Gammaproteobacteria	Enterobacterales	Succinivibrionaceae	Succinivibrio	
OTU_446							
OTU_127	Bacteria	Firmicutes	Bacilli	Paenibacillales	Paenibacillaceae	Paenibacillus	
OTU_742	Bacteria	Firmicutes	Clostridia	Lachnospirales	Lachnospiraceae		
OTU_116	Bacteria	Firmicutes	Bacilli	Staphylococcales	Staphylococcaceae	Staphylococcus	Staphylococcaceae bacterium b1_i1
OTU_123	Bacteria	Firmicutes	Bacilli	Lactobacillales	Streptococcaceae	Streptococcus	Streptococcus dysgalactiae
OTU_734	Bacteria	Proteobacteria	Alphaproteobacteria	Acetobacterales	Acetobacteraceae	Roseomonas	Roseomonas sp.
OTU_718	Bacteria	Proteobacteria	Alphaproteobacteria	Sphingomonadales	Sphingomonadaceae	Sphingomonas	
OTU_331	Bacteria	Bacteroidota	Bacteroidia	Chitinophagales	Chitinophagaceae	Sediminibacterium	Sediminibacterium sp. OTC15
OTU_421	Bacteria	Bacteroidota	Bacteroidia	Flavobacteriales	Weeksellaceae	Chryseobacterium	
OTU_260	Bacteria	Firmicutes	Negativicutes	Acidaminococcales	Acidaminococcaceae	Succiniclasticum	
OTU_410	Bacteria	Bacteroidota	Bacteroidia	Chitinophagales	Chitinophagaceae	Edaphobaculum	
OTU_430	Bacteria	Bacteroidota	Bacteroidia	Chitinophagales	Chitinophagaceae		
OTU_160	Eukaryota	Opisthokonta	Basidiomycota				
OTU_258	Eukaryota	Opisthokonta	Basidiomycota	Agaricomycotina	Tremellomycetes		
OTU_378	Eukaryota	Opisthokonta	Basidiomycota				
OTU_448	Eukaryota	Opisthokonta	Basidiomycota	Agaricomycotina			
OTU_1276	Bacteria	Proteobacteria	Alphaproteobacteria	Rickettsiales			
OTU_1277	Bacteria	Proteobacteria	Alphaproteobacteria	Rickettsiales			
OTU_1278	Bacteria	Proteobacteria	Alphaproteobacteria	Rickettsiales			
OTU_1280	Bacteria						
OTU_842	Bacteria	Firmicutes	Clostridia	Oscillospirales	Ruminococcaceae		
OTU_784	Bacteria	Firmicutes	Clostridia	Oscillospirales	Ruminococcaceae	Ruminococcus	
OTU_666	Bacteria	Firmicutes	Clostridia	Gracilibacteraceae	Lutispora		
OTU_204	Bacteria	Proteobacteria	Gammaproteobacteria	Burkholderiales	Burkholderiaceae	Ralstonia	uncultured Ralstonia sp.
OTU_503	Bacteria	Firmicutes	Clostridia	Lachnospirales	Lachnospiraceae	Lachnospiraceae UCG-008	
OTU_129	Bacteria	Proteobacteria	Gammaproteobacteria	Pseudomonadales	Halomonadaceae	Halomonas	
OTU_138	Bacteria	Firmicutes	Bacilli	Bacillales	Bacillaceae	Bacillus	
OTU_396	Bacteria	Bacteroidota	Bacteroidia	Bacteroidales	Rikenellaceae	Rikenellaceae RC9 gut group	uncultured rumen bacterium
OTU_181	Bacteria	Firmicutes	Desulfitobacteriia	Desulfitobacteriales	Desulfitobacteriaceae	Desulfitobacterium	
OTU_316	Bacteria	Proteobacteria	Gammaproteobacteria	Enterobacterales	Alteromonadaceae	Rheinheimera	Rheinheimera sp. 193
OTU_465	Bacteria	Actinobacteriota	Actinobacteria	Micrococcales	Micrococcaceae	Rothia	
OTU_388	Bacteria	Bacteroidota	Bacteroidia	Chitinophagales	Chitinophagaceae	Lacibacter	uncultured Chitinophagaceae bacterium
OTU_390	Bacteria	Firmicutes	Clostridia	Clostridia vadinBB60 group			
OTU_834	Bacteria	Firmicutes	Clostridia	Oscillospirales	Hydrogenoanaerobacterium		
OTU_691	Bacteria	Proteobacteria	Alphaproteobacteria	Acetobacterales	Acetobacteraceae	Asaia	Asaia astilbis JCM 15831
OTU_339	Bacteria	Firmicutes	Bacilli	Paenibacillales	Paenibacillaceae	Paenibacillus	
OTU_194	Bacteria	Firmicutes	Bacilli	Thermoactinomycetales	Thermoactinomycetaceae	Planifilum	Planifilum composti
OTU_530	Bacteria	Proteobacteria	Alphaproteobacteria	Rhizobiales	Beijerinckiaceae		
OTU_342	Bacteria	Firmicutes	Bacilli	Entomoplasmatales	Spiroplasmataceae	Spiroplasma	
OTU_514	Bacteria	Proteobacteria	Alphaproteobacteria	Sphingomonadales	Sphingomonadaceae	Novosphingobium	
OTU_532	Bacteria	Firmicutes	Clostridia	Peptostreptococcales-Tissierellales	Peptostreptococcaceae	Sporacetigenium	
OTU_79	Bacteria	Firmicutes	Bacilli	Erysipelotrichales	Erysipelotrichaceae	Turicibacter	Turicibacter sp. H121
OTU_287	Bacteria	Firmicutes	Bacilli	RF39			
OTU_743	Bacteria	Firmicutes	Clostridia	Lachnospirales	Lachnospiraceae	Lachnospiraceae NK4A136 group	
OTU_423	Bacteria	Bacteroidota	Bacteroidia	Bacteroidales	F082		
OTU_757	Bacteria	Acidobacteriota	Acidobacteriae	Acidobacteriales	Acidobacteriaceae (Subgroup 1)	Terriglobus	
OTU_631	Bacteria	Firmicutes	Clostridia	Oscillospirales	Oscillospiraceae	NK4A214 group	uncultured rumen bacterium
OTU_529	Bacteria	Proteobacteria	Alphaproteobacteria	Rickettsiales			
OTU_777	Bacteria	Proteobacteria	Alphaproteobacteria	Sphingomonadales	Sphingomonadaceae	Blastomonas	Blastomonas natatoria
OTU_669	Bacteria	Firmicutes	Clostridia	Oscillospirales	Ruminococcaceae	Negativibacillus	
OTU_281	Bacteria	Firmicutes	Bacilli	Lactobacillales	Lactobacillaceae	Limosilactobacillus	Lactobacillus ingluviei
OTU_66	Bacteria	Proteobacteria	Gammaproteobacteria	Burkholderiales	Oxalobacteraceae	Undibacterium	Undibacterium oligocarboniphilum
OTU_367	Bacteria	Bacteroidota	Bacteroidia	Bacteroidales	Rikenellaceae	Rikenellaceae RC9 gut group	uncultured rumen bacterium
OTU_276	Bacteria	Firmicutes	Bacilli	Lactobacillales	Lactobacillaceae	Limosilactobacillus	Lactobacillus fermentum
OTU_531	Bacteria	Armatimonadota	Fimbriimonadia	Fimbriimonadales	Fimbriimonadaceae	uncultured Fimbriimonas sp.	
OTU_69	Bacteria	Firmicutes	Bacilli	Bacillales	Bacillaceae	Bacillus	
OTU_65	Bacteria	Proteobacteria	Gammaproteobacteria	Enterobacterales	Orbaceae	Gilliamella	gamma proteobacterium DAT824
OTU_262	Bacteria	Proteobacteria	Gammaproteobacteria	Burkholderiales	Neisseriaceae	Neisseria	
OTU_39	Bacteria	Firmicutes	Bacilli	Lactobacillales	Streptococcaceae	Streptococcus	Streptococcus salivarius subsp. thermophilus
OTU_527	Bacteria	Firmicutes	Limnochordia	Limnochordales	Limnochordaceae		
OTU_315	Bacteria	Firmicutes	Negativicutes	Veillonellales-Selenomonadales	Sporomusaceae	Anaerosinus	
OTU_242	Bacteria	Firmicutes	Bacilli	Exiguobacterales	Exiguobacteraceae	Exiguobacterium	Exiguobacterium sp. m030608c
OTU_536	Bacteria	Firmicutes	Clostridia	Oscillospirales	Oscillospiraceae	Oscillibacter	
OTU_580	Bacteria	Actinobacteriota	Actinobacteria	Streptomycetales	Streptomycetaceae	Streptomyces	Streptomyces sp. LBC12_05
OTU_751	Bacteria	Campylobacterota	Campylobacteria	Campylobacterales	Arcobacteraceae		
OTU_729	Bacteria	Proteobacteria	Alphaproteobacteria	Rhizobiales	Hyphomicrobiaceae	Hyphomicrobium	uncultured Hyphomicrobiaceae bacterium
OTU_732	Bacteria	Firmicutes	Clostridia	Oscillospirales	Ruminococcaceae		metagenome
OTU_164	Bacteria	Actinobacteriota	Actinobacteria	Micrococcales	Micrococcaceae	Arthrobacter	Arthrobacter russicus
OTU_586	Bacteria	Firmicutes	Clostridia	Oscillospirales	UCG-010	uncultured Ruminococcaceae bacterium	
OTU_90	Bacteria	Firmicutes	Bacilli	Thermoactinomycetales	Thermoactinomycetaceae	Thermoactinomyces	Thermoactinomyces vulgaris
OTU_302	Bacteria	Desulfobacterota	Desulfovibrionia	Desulfovibrionales	Desulfovibrionaceae	Desulfovibrio	uncultured delta proteobacterium
OTU_348	Bacteria	Firmicutes	Bacilli	Paenibacillales	Paenibacillaceae	Paenibacillus	Paenibacillus sp. enrichment culture
OTU_662	Bacteria	Firmicutes	Clostridia	Oscillospirales	Ruminococcaceae	Subdoligranulum	
OTU_71	Bacteria	Proteobacteria	Gammaproteobacteria	Piscirickettsiales	Piscirickettsiaceae		
OTU_95	Bacteria	Proteobacteria	Gammaproteobacteria	Piscirickettsiales	Piscirickettsiaceae		
OTU_259	Bacteria	Proteobacteria	Gammaproteobacteria	Piscirickettsiales			
OTU_459	Bacteria	Actinobacteriota	Actinobacteria	Micromonosporales	Micromonosporaceae	Salinispora	uncultured Micromonospora sp.
OTU_203	Bacteria	Firmicutes	Bacilli	Lactobacillales	Streptococcaceae	Streptococcus	
OTU_715	Bacteria	Firmicutes	Clostridia	Lachnospirales	Lachnospiraceae	Shuttleworthia	
OTU_554	Bacteria	Firmicutes	Clostridia	Lachnospirales	Lachnospiraceae	Lachnospiraceae FE2018 group	
OTU_25	Bacteria	Firmicutes	Bacilli	Lactobacillales	Lactobacillaceae	Apilactobacillus	Lactobacillus apinorum
OTU_614	Bacteria	Firmicutes	Clostridia	Clostridia UCG-014			
OTU_126	Bacteria	Firmicutes	Bacilli	Staphylococcales	Gemellaceae	Gemella	
OTU_911	Eukaryota	Opisthokonta	Mucoromycotina	Incertae Sedis			
OTU_326	Bacteria	Spirochaetota	Spirochaetia	Spirochaetales	Spirochaetaceae	Treponema	uncultured rumen bacterium
OTU_1203	Eukaryota	Opisthokonta	Animalia	BCP clade	Bilateria	Protostomia	Ecdysozoa	Arthropoda	Hexapoda
OTU_143	Bacteria	Firmicutes	Bacilli	Bacillales	Planococcaceae	Sporosarcina	
OTU_566	Bacteria	Actinobacteriota	Actinobacteria	Corynebacteriales	Mycobacteriaceae		
OTU_111	Bacteria	Proteobacteria	Gammaproteobacteria	Burkholderiales	Comamonadaceae	Limnohabitans	Limnohabitans sp. Rim49
OTU_198	Bacteria	Firmicutes	Bacilli	Alicyclobacillales	Alicyclobacillaceae	Tumebacillus	
OTU_494	Bacteria	Proteobacteria	Alphaproteobacteria	Acetobacterales	Acetobacteraceae	Neokomagataea	Neokomagataea thailandica
OTU_724	Bacteria	Proteobacteria	Alphaproteobacteria	Acetobacterales	Acetobacteraceae	Neokomagataea	
OTU_774	Bacteria	Firmicutes	Clostridia	Oscillospirales	Ruminococcaceae	Ruminococcus	uncultured rumen bacterium
OTU_186	Bacteria	Bdellovibrionota	Oligoflexia	0319-6G20	metagenome		
OTU_365	Bacteria	Proteobacteria	Alphaproteobacteria	Acetobacterales	Acetobacteraceae	Komagataeibacter	
OTU_472	Bacteria	Proteobacteria	Alphaproteobacteria	Acetobacterales	Acetobacteraceae	Komagataeibacter	
OTU_1246	Bacteria	Proteobacteria	Alphaproteobacteria	Acetobacterales	Acetobacteraceae		
OTU_613	Bacteria	Firmicutes	Clostridia	Oscillospirales	Oscillospiraceae	UCG-005	
OTU_220	Bacteria	Firmicutes	Bacilli	Lactobacillales	Carnobacteriaceae		
OTU_134	Bacteria	Bacteroidota	Bacteroidia	Flavobacteriales	Weeksellaceae	Chryseobacterium	Chryseobacterium greenlandense
OTU_782	Bacteria	Proteobacteria	Alphaproteobacteria	Sneathiellales	Sneathiellaceae		
OTU_403	Bacteria	Bacteroidota	Bacteroidia	Bacteroidales	Porphyromonadaceae	Porphyromonas	
OTU_60	Bacteria	Firmicutes	Bacilli	Bacillales	Bacillaceae	Bacillus	Bacillus licheniformis
OTU_392	Bacteria	Proteobacteria	Gammaproteobacteria	Salinisphaerales	Solimonadaceae		
OTU_13	Eukaryota						
OTU_63	Eukaryota						
OTU_395	Eukaryota						
OTU_442	Eukaryota						
OTU_462	Eukaryota						
OTU_512	Eukaryota						
OTU_640	Eukaryota						
OTU_644	Eukaryota						
OTU_672	Eukaryota						
OTU_847	Eukaryota						
OTU_869	Eukaryota						
OTU_893	Eukaryota						
OTU_900	Eukaryota						
OTU_902	Eukaryota						
OTU_933	Eukaryota						
OTU_953	Eukaryota						
OTU_955	Eukaryota						
OTU_961	Eukaryota						
OTU_967	Eukaryota						
OTU_972	Eukaryota						
OTU_987	Eukaryota						
OTU_999	Eukaryota						
OTU_1005	Eukaryota						
OTU_1025	Eukaryota						
OTU_1030	Eukaryota						
OTU_1051	Eukaryota						
OTU_1053	Eukaryota						
OTU_1054	Eukaryota						
OTU_1067	Eukaryota						
OTU_1071	Eukaryota						
OTU_1078	Eukaryota						
OTU_1080	Eukaryota						
OTU_1096	Eukaryota						
OTU_1101	Eukaryota						
OTU_1103	Eukaryota						
OTU_1105	Eukaryota						
OTU_1104	Eukaryota						
OTU_1111	Eukaryota						
OTU_1117	Eukaryota						
OTU_1126	Eukaryota						
OTU_1127	Eukaryota						
OTU_1129	Eukaryota						
OTU_1142	Eukaryota						
OTU_1160	Eukaryota						
OTU_1166	Eukaryota						
OTU_1169	Eukaryota						
OTU_1170	Eukaryota						
OTU_1177	Eukaryota						
OTU_1179	Eukaryota	Chlorophyta					
OTU_1181	Eukaryota						
OTU_1183	Eukaryota						
OTU_1184	Eukaryota	Chlorophyta					
OTU_1186	Eukaryota						
OTU_1187	Eukaryota						
OTU_1189	Eukaryota	Chlorophyta					
OTU_1188	Eukaryota						
OTU_1194	Eukaryota						
OTU_1195	Eukaryota						
OTU_1198	Eukaryota						
OTU_1199	Eukaryota						
OTU_1200	Eukaryota	Chlorophyta					
OTU_1202	Eukaryota						
OTU_1201	Eukaryota						
OTU_1204	Eukaryota						
OTU_1210	Eukaryota						
OTU_1212	Eukaryota	Chlorophyta					
OTU_1224	Eukaryota	Chlorophyta					
OTU_1225	Eukaryota						
OTU_1227	Eukaryota						
OTU_1232	Eukaryota						
OTU_1238	Eukaryota						
OTU_1249	Eukaryota						
OTU_1248	Eukaryota						
OTU_1251	Eukaryota						
OTU_1254	Eukaryota						
OTU_1258	Eukaryota						
OTU_1257	Eukaryota						
OTU_1259	Eukaryota						
OTU_1260	Eukaryota						
OTU_1261	Eukaryota						
OTU_1264	Eukaryota						
OTU_1268	Eukaryota						
OTU_1270	Eukaryota						
OTU_1271	Eukaryota						
OTU_1273	Eukaryota						
OTU_1274	Eukaryota						
OTU_1284							
OTU_1292							
OTU_747	Bacteria	Proteobacteria	Alphaproteobacteria	Rhodobacterales	Rhodobacteraceae	Rubellimicrobium	
OTU_412	Bacteria	Bacteroidota	Bacteroidia	Bacteroidales	Prevotellaceae	Prevotella_7	
OTU_946	Eukaryota	Opisthokonta	Ascomycota	Pezizomycotina	Dothideomycetes		
OTU_956	Eukaryota	Opisthokonta	Ascomycota	Pezizomycotina	Dothideomycetes	Dothideales	
OTU_991	Eukaryota	Opisthokonta	Ascomycota	Pezizomycotina	Dothideomycetes		
OTU_1042	Eukaryota	Opisthokonta	Ascomycota	Pezizomycotina	Dothideomycetes	Dothideales	Aureobasidiaceae	Kabatiella
OTU_1052	Eukaryota	Opisthokonta	Ascomycota	Pezizomycotina	Dothideomycetes	Dothideales	Aureobasidiaceae	Kabatiella	Kabatiella microsticta
OTU_1076	Eukaryota	Opisthokonta	Ascomycota	Pezizomycotina	Dothideomycetes		
OTU_748	Bacteria	Acidobacteriota	Acidobacteriae	Bryobacterales	Bryobacteraceae	Bryobacter	
OTU_328	Bacteria	Proteobacteria	Gammaproteobacteria	Enterobacterales	Erwiniaceae	Pantoea	Kluyvera intermedia
OTU_620	Bacteria	Firmicutes	Clostridia	Clostridia vadinBB60 group			
OTU_925	Eukaryota	Opisthokonta	Ascomycota	Pezizomycotina			
OTU_1073	Eukaryota	Opisthokonta	Ascomycota	Pezizomycotina	Leotiomyceta Incertae Sedis	Candelariales	
OTU_1091	Eukaryota	Opisthokonta	Ascomycota	Pezizomycotina	Leotiomyceta Incertae Sedis		
OTU_1095	Eukaryota	Opisthokonta	Ascomycota	Pezizomycotina	Leotiomyceta Incertae Sedis	Candelariales	
OTU_1109	Eukaryota	Opisthokonta	Ascomycota	Pezizomycotina	Leotiomyceta Incertae Sedis	Candelariales	Pycnoraceae
OTU_1112	Eukaryota	Opisthokonta	Ascomycota	Pezizomycotina	Leotiomyceta Incertae Sedis	Candelariales	Pycnoraceae
OTU_1115	Eukaryota	Opisthokonta	Ascomycota	Pezizomycotina	Leotiomyceta Incertae Sedis	Candelariales	Pycnoraceae
OTU_1118	Eukaryota	Opisthokonta	Ascomycota	Pezizomycotina	Leotiomyceta Incertae Sedis		
OTU_1121	Eukaryota	Opisthokonta	Ascomycota	Pezizomycotina			
OTU_1124	Eukaryota	Opisthokonta	Ascomycota	Pezizomycotina	Leotiomyceta Incertae Sedis	Candelariales	Pycnoraceae
OTU_1125	Eukaryota	Opisthokonta	Ascomycota	Pezizomycotina	Leotiomyceta Incertae Sedis	Candelariales	
OTU_1132	Eukaryota	Opisthokonta	Ascomycota	Pezizomycotina	Leotiomyceta Incertae Sedis	Candelariales	
OTU_1134	Eukaryota	Opisthokonta	Ascomycota	Pezizomycotina	Leotiomyceta Incertae Sedis	Candelariales	Pycnoraceae
OTU_1135	Eukaryota	Opisthokonta	Ascomycota	Pezizomycotina			
OTU_1136	Eukaryota	Opisthokonta	Ascomycota	Pezizomycotina	Leotiomyceta Incertae Sedis	Candelariales	Pycnoraceae
OTU_1151	Eukaryota	Opisthokonta	Ascomycota	Pezizomycotina	Leotiomyceta Incertae Sedis	Candelariales	
OTU_1152	Eukaryota	Opisthokonta	Ascomycota	Pezizomycotina	Leotiomyceta Incertae Sedis	Candelariales	Pycnoraceae
OTU_1162	Eukaryota	Opisthokonta	Ascomycota	Pezizomycotina	Leotiomyceta Incertae Sedis	Candelariales	
OTU_1164	Eukaryota	Opisthokonta	Ascomycota	Pezizomycotina	Leotiomyceta Incertae Sedis	Candelariales	
OTU_112	Bacteria	Actinobacteriota	Thermoleophilia	Solirubrobacterales	Solirubrobacteraceae	Solirubrobacter	
OTU_813	Bacteria	Proteobacteria	Alphaproteobacteria	Rhizobiales	Beijerinckiaceae	1174-901-12	
OTU_94	Eukaryota	Opisthokonta	Basidiomycota	Pucciniomycotina	Pucciniomycetes	Pucciniales	Pucciniaceae	Gymnosporangium
OTU_628	Eukaryota	Opisthokonta	Basidiomycota	Pucciniomycotina	Pucciniomycetes	Pucciniales	Pucciniaceae	Gymnosporangium	Gymnosporangium ellisii
OTU_794	Eukaryota	Opisthokonta	Basidiomycota	Pucciniomycotina	Pucciniomycetes	Pucciniales	Pucciniaceae	Gymnosporangium	Gymnosporangium ellisii
OTU_1173	Eukaryota	Opisthokonta	Basidiomycota	Pucciniomycotina	Pucciniomycetes	Pucciniales	Pucciniaceae	Gymnosporangium	Gymnosporangium ellisii
OTU_1243	Eukaryota	Opisthokonta	Basidiomycota	Pucciniomycotina	Pucciniomycetes	Pucciniales	Pucciniaceae	Gymnosporangium	Gymnosporangium ellisii
OTU_1244	Eukaryota	Opisthokonta	Basidiomycota	Pucciniomycotina	Pucciniomycetes	Pucciniales	Pucciniaceae	Gymnosporangium	Gymnosporangium ellisii
OTU_1323	Eukaryota	Opisthokonta	Basidiomycota	Pucciniomycotina	Pucciniomycetes	Pucciniales	Pucciniaceae	Gymnosporangium	Gymnosporangium ellisii
OTU_1325	Eukaryota	Opisthokonta	Basidiomycota	Pucciniomycotina	Pucciniomycetes	Pucciniales	Pucciniaceae	Gymnosporangium	Gymnosporangium ellisii
OTU_1335	Eukaryota	Opisthokonta	Basidiomycota	Pucciniomycotina	Pucciniomycetes	Pucciniales	Pucciniaceae	Gymnosporangium	Gymnosporangium ellisii
OTU_1342	Eukaryota	Opisthokonta	Basidiomycota	Pucciniomycotina	Pucciniomycetes	Pucciniales	Pucciniaceae	Gymnosporangium	Gymnosporangium ellisii
OTU_1341	Eukaryota	Opisthokonta	Basidiomycota	Pucciniomycotina	Pucciniomycetes	Pucciniales	Pucciniaceae	Gymnosporangium	Gymnosporangium ellisii
OTU_681	Bacteria	Firmicutes	Clostridia	Oscillospirales	Hungateiclostridiaceae	UCG-012	uncultured prokaryote
OTU_376	Bacteria	Bacteroidota	Bacteroidia	Flavobacteriales	Flavobacteriaceae	Flavobacterium	Flavobacterium lindanitolerans
OTU_350	Bacteria	Firmicutes	Bacilli	Paenibacillales	Paenibacillaceae		
OTU_541	Bacteria	Firmicutes	Clostridia	Lachnospirales	Lachnospiraceae	Sellimonas	
